_time,Brake,CarCoordinates01,Clutch,CurrentLap,CurrentLapTime,Gear,LastLapTime,Position,Rpms,SpeedKmh,SteeringAngle,Throttle,TrackPositionPercent,new_lap_start,lap
2022-05-08T12:19:17.762Z,0.0,0.0004256928223185,,13.0,101200.0,5,,,8462.0,235.67,0.2837449125945568,100.0,0.0004256928223185,True,17
2022-05-08T12:19:17.928Z,0.0,0.0027404201682657,,,101350.0,5,,,8474.0,236.4,0.684474028646946,100.0,0.0027404201682657,False,17
2022-05-08T12:19:18.095Z,0.0,0.0053209951147437,,,101516.0,5,,,8525.0,237.18,0.7678866311907768,100.0,0.0053209951147437,False,17
2022-05-08T12:19:18.261Z,0.0,0.0081659602001309,,,101700.0,6,,,7370.0,237.6,0.8848062306642532,100.0,0.0081659602001309,False,17
2022-05-08T12:19:18.428Z,0.0,0.0105009190738201,,,101850.0,6,,,7330.0,238.53,1.8698112964630127,100.0,0.0105009190738201,False,17
2022-05-08T12:19:18.595Z,0.0,0.0131053524091839,,,102016.0,6,,,7365.0,239.46,2.1869991421699524,100.0,0.0131053524091839,False,17
2022-05-08T12:19:18.761Z,0.0,0.0159816369414329,,,102200.0,6,,,7402.0,240.49,1.4858033768832684,100.0,0.0159816369414329,False,17
2022-05-08T12:19:18.927Z,0.0,0.0186072569340467,,,102366.0,6,,,7427.0,241.41,0.3337796181440353,100.0,0.0186072569340467,False,17
2022-05-08T12:19:19.095Z,0.0,0.0212428458034992,,,102533.0,6,,,7452.0,242.31,-1.3189782798290253,100.0,0.0212428458034992,False,17
2022-05-08T12:19:19.261Z,0.0,0.0238879676908254,,,102700.0,6,,,7471.0,243.2,1.2186507768929005,100.0,0.0238879676908254,False,17
2022-05-08T12:19:19.428Z,0.0,0.0265427157282829,,,102866.0,6,,,7515.0,244.04,-1.1686802431941032,100.0,0.0265427157282829,False,17
2022-05-08T12:19:19.595Z,0.0,0.029206758365035,,,103033.0,6,,,7533.0,244.89,0.7678867392241955,100.0,0.029206758365035,False,17
2022-05-08T12:19:19.772Z,0.0,0.0318797528743743,,,2044.0,6,101156.0,,7578.0,245.72,0.0666913588065654,100.0,0.0318797528743743,False,17
2022-05-08T12:19:19.928Z,0.0,0.0342934243381023,,,2194.0,6,,,,246.48,-1.502589177340269,98.0286419391632,0.0342934243381023,False,17
2022-05-08T12:19:20.094Z,0.0,0.0369831249117851,,,2361.0,6,,,7569.0,247.16,3.222037725150585,86.42858266830444,0.0369831249117851,False,17
2022-05-08T12:19:20.261Z,1.7991183325648308,0.0396776497364044,,,2528.0,6,,,7539.0,247.22,-0.3339732950553298,49.9345064163208,0.0396776497364044,False,17
2022-05-08T12:19:20.431Z,50.80423355102539,0.0426264256238937,,,2711.0,6,,,7263.0,243.47,-0.4674852341413498,0.0,0.0426264256238937,False,17
2022-05-08T12:19:20.595Z,72.0838725566864,0.0452396906912326,,,2878.0,6,,,6843.0,235.79,0.1167905400507152,0.0,0.0452396906912326,False,17
2022-05-08T12:19:20.761Z,77.12379097938538,0.0477586463093757,,,3044.0,6,,,6777.0,226.1,-0.0334425246110186,0.0,0.0477586463093757,False,17
2022-05-08T12:19:20.929Z,68.25927495956421,0.0501737929880619,,,3211.0,6,,,6362.0,217.22,-1.085267748683691,0.0,0.0501737929880619,False,17
2022-05-08T12:19:21.094Z,66.23377203941345,0.0524950362741947,,,3378.0,5,,,7220.0,208.61,1.5526238828897476,0.0,0.0524950362741947,False,17
2022-05-08T12:19:21.261Z,66.01930260658264,0.0545042380690574,,,3528.0,N,,,7268.0,201.04,-2.9884567260742188,75.0,0.0545042380690574,False,17
2022-05-08T12:19:21.429Z,65.0780439376831,0.0568596012890338,,,3711.0,4,,,8005.0,191.84,0.8680850882083178,0.0,0.0568596012890338,False,17
2022-05-08T12:19:21.594Z,65.37589430809021,0.0587056428194046,,,3861.0,4,,,7438.0,184.65,-1.3022568672895432,0.0,0.0587056428194046,False,17
2022-05-08T12:19:21.761Z,66.88907742500305,0.0606703646481037,,,4028.0,4,,,7302.0,175.97,-2.6212344989180565,0.0,0.0606703646481037,False,17
2022-05-08T12:19:21.928Z,64.50612545013428,0.062725119292736,,,4211.0,4,,,6897.0,166.96,-2.0702731385827065,0.0,0.062725119292736,False,17
2022-05-08T12:19:22.095Z,62.34956979751587,0.0643302053213119,,,4361.0,3,,,7725.0,160.19,0.9849402457475662,0.0,0.0643302053213119,False,17
2022-05-08T12:19:22.261Z,63.06446194648743,0.0661960840225219,,,4544.0,3,,,7507.0,151.23,3.4724693447351456,0.0,0.0661960840225219,False,17
2022-05-08T12:19:22.428Z,58.45348834991455,0.0677981749176979,,,4711.0,3,,,7267.0,143.27,15.725928664207458,0.0,0.0677981749176979,False,17
2022-05-08T12:19:22.595Z,47.70641624927521,0.0691693350672721,,,4861.0,3,,,6929.0,137.2,21.919114649295807,0.0,0.0691693350672721,False,17
2022-05-08T12:19:22.762Z,37.04277276992798,0.0707694441080093,,,5044.0,3,,,6673.0,130.78,28.44589400291443,0.0,0.0707694441080093,False,17
2022-05-08T12:19:22.928Z,26.87954306602478,0.0720253959298133,,,5194.0,N,,,6893.0,126.36,28.612780570983887,75.0,0.0720253959298133,False,17
2022-05-08T12:19:23.095Z,23.28130602836609,0.0735099762678146,,,5378.0,2,,,7943.0,121.74,48.67558550834656,0.0,0.0735099762678146,False,17
2022-05-08T12:19:23.261Z,21.398785710334774,0.0748107582330703,,,5544.0,2,,,7717.0,117.36,53.03163814544678,0.0,0.0748107582330703,False,17
2022-05-08T12:19:23.428Z,21.04134112596512,0.075938381254673,,,5694.0,2,,,7464.0,113.69,67.00034880638123,0.0,0.075938381254673,False,17
2022-05-08T12:19:23.595Z,20.755387842655185,0.0772668197751045,,,5878.0,2,,,7134.0,109.11,72.99140167236328,0.0,0.0772668197751045,False,17
2022-05-08T12:19:23.761Z,15.060171484947205,0.0784337818622589,,,6044.0,2,,,6867.0,105.28,73.57539749145508,0.0,0.0784337818622589,False,17
2022-05-08T12:19:23.928Z,5.397354066371918,0.0794598758220672,,,6194.0,2,,,6800.0,102.27,82.63665294647217,0.0,0.0794598758220672,False,17
2022-05-08T12:19:24.095Z,0.0,0.080567829310894,,,6361.0,2,,,6707.0,100.02,87.99293255805969,5.098729580640793,0.080567829310894,False,17
2022-05-08T12:19:24.261Z,0.0,0.0816476568579673,,,6528.0,2,,,6633.0,98.57,98.22131538391112,11.4197239279747,0.0816476568579673,False,17
2022-05-08T12:19:24.427Z,0.0,0.0828346535563469,,,6711.0,2,,,6619.0,97.74,103.32698512077332,23.60548973083496,0.0828346535563469,False,17
2022-05-08T12:19:24.595Z,0.0,0.0839391350746154,,,6878.0,2,,,6587.0,97.42,109.55025625228882,24.909451603889465,0.0839391350746154,False,17
2022-05-08T12:19:24.761Z,0.0,0.0850824266672134,,,7044.0,2,,,6645.0,97.34,102.44263219833374,35.33654808998108,0.0850824266672134,False,17
2022-05-08T12:19:24.978Z,0.0,0.0865956619381904,,,7261.0,2,,,6718.0,98.18,101.97548532485962,42.961519956588745,0.0865956619381904,False,17
2022-05-08T12:19:25.145Z,0.0,0.0877320617437362,,,7428.0,2,,,6680.0,98.54,114.47192001342772,26.21341347694397,0.0877320617437362,False,17
2022-05-08T12:19:25.311Z,0.0,0.0888300165534019,,,7594.0,2,,,6619.0,97.99,119.46030521392822,20.021894574165344,0.0888300165534019,False,17
2022-05-08T12:19:25.477Z,0.0,0.0897940173745155,,,7744.0,2,,,6568.0,97.37,122.24638509750366,18.784210085868835,0.0897940173745155,False,17
2022-05-08T12:19:25.646Z,0.0,0.0908540338277816,,,7911.0,2,,,6511.0,96.59,124.33168935775755,18.26169490814209,0.0908540338277816,False,17
2022-05-08T12:19:25.811Z,0.0,0.0920230224728584,,,8094.0,2,,,6531.0,95.82,125.84978532791138,25.757190585136414,0.0920230224728584,False,17
2022-05-08T12:19:25.977Z,0.0,0.092969112098217,,,8244.0,2,,,6553.0,95.83,129.0528154373169,36.83472275733948,0.092969112098217,False,17
2022-05-08T12:19:26.144Z,0.0,0.0940093100070953,,,8411.0,2,,,6628.0,96.45,129.03611087799072,48.43478202819824,0.0940093100070953,False,17
2022-05-08T12:19:26.312Z,0.0,0.0951541438698768,,,8594.0,2,,,6761.0,97.91,128.80256509780884,61.07833385467529,0.0951541438698768,False,17
2022-05-08T12:19:26.478Z,0.0,0.0962096229195594,,,8761.0,2,,,6875.0,99.67,125.7997407913208,64.14096355438232,0.0962096229195594,False,17
2022-05-08T12:19:26.645Z,0.0,0.0972880125045776,,,8928.0,2,,,6994.0,101.51,125.21591091156006,65.63912630081177,0.0972880125045776,False,17
2022-05-08T12:19:26.811Z,0.0,0.0982836857438087,,,9078.0,2,,,7111.0,103.3,116.24044609069824,70.07044553756714,0.0982836857438087,False,17
2022-05-08T12:19:26.978Z,0.0,0.0994125232100486,,,9244.0,2,,,7303.0,105.56,95.43495893478394,73.06833267211914,0.0994125232100486,False,17
2022-05-08T12:19:27.145Z,0.0,0.1005620956420898,,,9411.0,2,,,7506.0,108.11,66.78347301483154,82.64925479888916,0.1005620956420898,False,17
2022-05-08T12:19:27.311Z,0.0,0.1017366796731948,,,9578.0,2,,,7791.0,111.25,45.20395493507385,96.33471369743349,0.1017366796731948,False,17
2022-05-08T12:19:27.479Z,0.0,0.1029436662793159,,,9744.0,2,,,7976.0,114.93,29.313860416412357,100.0,0.1029436662793159,False,17
2022-05-08T12:19:27.644Z,0.0,0.1041918322443962,,,9911.0,2,,,8180.0,118.62,22.853895843029026,100.0,0.1041918322443962,False,17
2022-05-08T12:19:27.811Z,0.0,0.1054871529340744,,,10078.0,2,,,8354.0,122.14,25.07400852441788,100.0,0.1054871529340744,False,17
2022-05-08T12:19:27.98Z,0.0,0.1068269312381744,,,10244.0,2,,,8626.0,125.4,29.48074352741241,100.0,0.1068269312381744,False,17
2022-05-08T12:19:28.145Z,0.0,0.1083389744162559,,,10428.0,2,,,8726.0,128.61,24.27274453639984,100.0,0.1083389744162559,False,17
2022-05-08T12:19:28.311Z,0.0,0.1097386479377746,,,10594.0,2,,,8704.0,129.92,16.20999789237976,100.0,0.1097386479377746,False,17
2022-05-08T12:19:28.478Z,0.0,0.111145906150341,,,10761.0,3,,,8133.0,130.08,9.666048139333723,100.0,0.111145906150341,False,17
2022-05-08T12:19:28.645Z,0.0,0.1124321967363357,,,10911.0,3,,,7089.0,133.65,8.213688343763351,100.0,0.1124321967363357,False,17
2022-05-08T12:19:28.812Z,0.0,0.1139002740383148,,,11078.0,3,,,7343.0,137.04,4.223764851689339,100.0,0.1139002740383148,False,17
2022-05-08T12:19:28.978Z,0.0,0.1155636012554168,,,11261.0,3,,,7568.0,140.69,-6.477842375636101,100.0,0.1155636012554168,False,17
2022-05-08T12:19:29.144Z,0.0,0.1171168535947799,,,11428.0,3,,,7674.0,143.98,-14.675617396831512,100.0,0.1171168535947799,False,17
2022-05-08T12:19:29.311Z,0.0,0.1187047213315963,,,11594.0,3,,,7904.0,147.01,-16.54564994573593,100.0,0.1187047213315963,False,17
2022-05-08T12:19:29.478Z,0.0,0.1203266307711601,,,11761.0,3,,,8010.0,149.99,-16.12827104330063,100.0,0.1203266307711601,False,17
2022-05-08T12:19:29.645Z,0.0,0.121814839541912,,,11911.0,3,,,8165.0,152.47,-20.87016201019287,100.0,0.121814839541912,False,17
2022-05-08T12:19:29.811Z,0.0,0.1234989613294601,,,12078.0,3,,,8258.0,155.1,-11.920709043741226,100.0,0.1234989613294601,False,17
2022-05-08T12:19:29.978Z,0.0,0.1252142339944839,,,12244.0,3,,,8412.0,157.54,-15.109723329544067,100.0,0.1252142339944839,False,17
2022-05-08T12:19:30.144Z,0.0,0.1269610971212387,,,12411.0,3,,,8499.0,159.86,-11.05252742767334,100.0,0.1269610971212387,False,17
2022-05-08T12:19:30.311Z,0.0,0.1287309676408767,,,12578.0,4,,,7053.0,161.41,-15.710814356803894,100.0,0.1287309676408767,False,17
2022-05-08T12:19:30.478Z,0.0,0.1305208206176757,,,12744.0,4,,,7116.0,163.81,-17.113373339176178,100.0,0.1305208206176757,False,17
2022-05-08T12:19:30.645Z,0.0,0.132513627409935,,,12928.0,4,,,7225.0,166.38,-21.32095867395401,100.0,0.132513627409935,False,17
2022-05-08T12:19:30.811Z,0.0,0.134347066283226,,,13094.0,4,,,7314.0,168.66,-19.116947293281555,100.0,0.134347066283226,False,17
2022-05-08T12:19:30.978Z,0.0,0.1362035125494003,,,13261.0,4,,,7415.0,170.89,-14.725715517997742,100.0,0.1362035125494003,False,17
2022-05-08T12:19:31.145Z,0.0,0.1378952860832214,,,13411.0,4,,,7515.0,172.89,-14.40846112370491,100.0,0.1378952860832214,False,17
2022-05-08T12:19:31.312Z,0.0,0.1397963315248489,,,13578.0,4,,,7555.0,175.13,-6.761683329939842,100.0,0.1397963315248489,False,17
2022-05-08T12:19:31.478Z,15.703558921813965,0.1417143791913986,,,13744.0,4,,,7431.0,176.15,-5.426081299781799,19.434648752212524,0.1417143791913986,False,17
2022-05-08T12:19:31.645Z,46.550703048706055,0.1436144411563873,,,13911.0,4,,,7192.0,171.8,-2.4208385571837425,0.0,0.1436144411563873,False,17
2022-05-08T12:19:31.813Z,52.03144550323486,0.1456336081027984,,,14094.0,4,,,6918.0,164.73,-4.34081344306469,0.0,0.1456336081027984,False,17
2022-05-08T12:19:31.977Z,55.85607886314392,0.1473962068557739,,,14261.0,4,,,6518.0,158.12,-4.040347874164581,0.0,0.1473962068557739,False,17
2022-05-08T12:19:32.144Z,57.36923813819885,0.1490857303142547,,,14428.0,4,,,6243.0,151.1,1.669478878378868,0.0,0.1490857303142547,False,17
2022-05-08T12:19:32.311Z,48.075783252716064,0.150699108839035,,,14594.0,3,,,7340.0,144.51,14.156708687543867,0.0,0.150699108839035,False,17
2022-05-08T12:19:32.478Z,40.14058709144592,0.1522295922040939,,,14761.0,3,,,7160.0,138.32,20.53357481956482,0.0,0.1522295922040939,False,17
2022-05-08T12:19:32.646Z,31.13309144973755,0.1536899209022522,,,14928.0,3,,,6909.0,133.05,28.29559791088104,0.0,0.1536899209022522,False,17
2022-05-08T12:19:32.811Z,20.61241716146469,0.1550978720188141,,,15094.0,3,,,6692.0,128.8,36.74163675308228,0.0,0.1550978720188141,False,17
2022-05-08T12:19:32.977Z,13.618488609790802,0.1564688682556152,,,15261.0,3,,,6523.0,125.4,53.699257016181946,0.0,0.1564688682556152,False,17
2022-05-08T12:19:33.145Z,7.2798773646354675,0.157676488161087,,,15411.0,3,,,6406.0,122.75,48.0079562664032,0.0,0.157676488161087,False,17
2022-05-08T12:19:33.311Z,0.214464426971972,0.1587322801351547,,,15544.0,3,,,6377.0,121.01,49.12621796131134,7.769852876663208,0.1587322801351547,False,17
2022-05-08T12:19:33.48Z,0.0,0.1604317724704742,,,15761.0,3,,,6461.0,120.52,66.86681604385376,44.00346875190735,0.1604317724704742,False,17
2022-05-08T12:19:33.644Z,0.0,0.1617347449064254,,,15928.0,3,,,6477.0,121.08,87.07521200180054,52.40988731384277,0.1617347449064254,False,17
2022-05-08T12:19:33.812Z,0.0,0.1629131287336349,,,16078.0,3,,,6518.0,121.74,79.84995770454407,56.9722056388855,0.1629131287336349,False,17
2022-05-08T12:19:33.978Z,0.0,0.1642362177371978,,,16244.0,3,,,6585.0,122.48,62.06052851676941,57.10322856903076,0.1642362177371978,False,17
2022-05-08T12:19:34.145Z,0.0,0.1655798703432083,,,16411.0,3,,,6646.0,123.59,67.11717700958252,65.57437181472778,0.1655798703432083,False,17
2022-05-08T12:19:34.311Z,0.0,0.1669476181268692,,,16578.0,3,,,6733.0,124.88,70.08771920204163,65.70538282394409,0.1669476181268692,False,17
2022-05-08T12:19:34.478Z,0.0,0.1684623062610626,,,16761.0,3,,,6794.0,126.35,58.77278637886048,66.68261289596558,0.1684623062610626,False,17
2022-05-08T12:19:34.644Z,0.0,0.1697005182504654,,,16911.0,3,,,6897.0,127.54,64.84763860702515,66.48683547973633,0.1697005182504654,False,17
2022-05-08T12:19:34.812Z,0.0,0.1710755378007888,,,17078.0,3,,,6946.0,128.87,49.59350657463074,68.57225894927979,0.1710755378007888,False,17
2022-05-08T12:19:35.029Z,0.0,0.1728723496198654,,,17294.0,3,,,7106.0,130.92,37.34251689910889,73.39510917663574,0.1728723496198654,False,17
2022-05-08T12:19:35.195Z,0.0,0.1744181960821151,,,17478.0,3,,,7230.0,133.14,15.575630843639374,83.23495984077454,0.1744181960821151,False,17
2022-05-08T12:19:35.362Z,0.0,0.1757372617721557,,,17628.0,3,,,7351.0,135.49,15.008133888244627,93.85780692100523,0.1757372617721557,False,17
2022-05-08T12:19:35.529Z,0.0,0.1773914247751236,,,17811.0,3,,,7473.0,138.75,9.015019744634628,94.37878131866456,0.1773914247751236,False,17
2022-05-08T12:19:35.695Z,1.7991185188293457,0.178927332162857,,,17978.0,3,,,7326.0,140.66,-5.86012414097786,20.99909782409668,0.178927332162857,False,17
2022-05-08T12:19:35.862Z,33.075180649757385,0.1804584562778473,,,18144.0,3,,,7077.0,138.25,-21.22079873085022,0.0,0.1804584562778473,False,17
2022-05-08T12:19:36.029Z,43.9652144908905,0.1819427460432052,,,18311.0,3,,,6799.0,133.06,-20.41934287548065,0.0,0.1819427460432052,False,17
2022-05-08T12:19:36.194Z,41.65375530719757,0.1833656728267669,,,18478.0,3,,,6476.0,127.62,-24.476761758327484,0.0,0.1833656728267669,False,17
2022-05-08T12:19:36.362Z,37.97212541103363,0.1845924109220504,,,18628.0,3,,,6218.0,123.07,-37.36771547794342,0.0,0.1845924109220504,False,17
2022-05-08T12:19:36.528Z,35.74407696723938,0.1859050542116165,,,18794.0,3,,,5905.0,118.1,-51.2950553894043,0.0,0.1859050542116165,False,17
2022-05-08T12:19:36.694Z,24.1391658782959,0.1871679574251175,,,18961.0,3,,,5634.0,113.74,-41.97661817073822,0.0,0.1871679574251175,False,17
2022-05-08T12:19:36.861Z,13.90444040298462,0.1883995532989502,,,19128.0,2,,,6905.0,110.61,-49.92563760280609,0.0,0.1883995532989502,False,17
2022-05-08T12:19:37.028Z,9.507925063371658,0.1896082758903503,,,19294.0,2,,,7058.0,107.2,-59.662055253982544,0.0,0.1896082758903503,False,17
2022-05-08T12:19:37.194Z,10.306207090616226,0.190919280052185,,,19478.0,2,,,6872.0,104.35,-80.33914685249329,0.0,0.190919280052185,False,17
2022-05-08T12:19:37.361Z,11.604906618595123,0.1919789165258407,,,19628.0,2,,,6718.0,101.66,-92.38242197036745,0.0,0.1919789165258407,False,17
2022-05-08T12:19:37.528Z,7.279875874519348,0.1931143254041671,,,19794.0,2,,,6533.0,98.84,-103.90880298614502,0.0,0.1931143254041671,False,17
2022-05-08T12:19:37.694Z,0.7863696664571762,0.1942190676927566,,,19961.0,2,,,6429.0,96.31,-122.08527183532716,0.0,0.1942190676927566,False,17
2022-05-08T12:19:37.862Z,0.0,0.1953107714653015,,,20128.0,2,,,6321.0,94.44,-124.05674171447754,0.0,0.1953107714653015,False,17
2022-05-08T12:19:38.029Z,0.0,0.1963918358087539,,,20294.0,2,,,6198.0,92.71,-132.81161785125732,0.0,0.1963918358087539,False,17
2022-05-08T12:19:38.194Z,0.1429762924090027,0.1975392699241638,,,20478.0,2,,,6068.0,90.7,-143.5554428100586,0.0,0.1975392699241638,False,17
2022-05-08T12:19:38.361Z,0.1429762924090027,0.198430061340332,,,20628.0,2,,,5952.0,89.04,-149.63775539398193,0.0,0.198430061340332,False,17
2022-05-08T12:19:38.529Z,0.0,0.1994698047637939,,,20811.0,2,,,5864.0,87.07,-156.63933038711548,5.749171227216721,0.1994698047637939,False,17
2022-05-08T12:19:38.695Z,0.0,0.2002933174371719,,,20961.0,2,,,6019.0,85.97,-156.85655879974365,21.520069241523743,0.2002933174371719,False,17
2022-05-08T12:19:38.861Z,0.0,0.2012893855571746,,,21144.0,2,,,5867.0,85.81,-167.66872310638428,30.384254455566406,0.2012893855571746,False,17
2022-05-08T12:19:39.028Z,0.0,0.2022007256746292,,,21311.0,2,,,5878.0,85.95,-167.95275592803955,37.29097247123718,0.2022007256746292,False,17
2022-05-08T12:19:39.194Z,0.0,0.2030301094055175,,,21461.0,2,,,5899.0,86.34,-173.31738090515137,39.31165337562561,0.2030301094055175,False,17
2022-05-08T12:19:39.361Z,0.0,0.2040441632270813,,,21644.0,2,,,5924.0,86.71,-176.15846967697144,40.02837538719177,0.2040441632270813,False,17
2022-05-08T12:19:39.528Z,0.0,0.2048697918653488,,,21794.0,2,,,5978.0,87.16,-178.13058948516846,43.87398958206177,0.2048697918653488,False,17
2022-05-08T12:19:39.694Z,0.0,0.2057891935110092,,,21961.0,2,,,6023.0,87.78,-177.99688386917114,45.43689489364624,0.2057891935110092,False,17
2022-05-08T12:19:39.861Z,0.0,0.2068098038434982,,,22144.0,2,,,6103.0,88.46,-178.4982557296753,47.522324323654175,0.2068098038434982,False,17
2022-05-08T12:19:40.028Z,0.0,0.2076578140258789,,,22294.0,2,,,6120.0,89.17,-173.56805992126465,51.56369209289551,0.2076578140258789,False,17
2022-05-08T12:19:40.195Z,0.0,0.2087231278419494,,,22478.0,2,,,6231.0,90.48,-142.58621883392334,59.18866395950317,0.2087231278419494,False,17
2022-05-08T12:19:40.361Z,0.0,0.2096190601587295,,,22628.0,2,,,6352.0,91.9,-116.27122783660889,63.488948345184326,0.2096190601587295,False,17
2022-05-08T12:19:40.528Z,0.0,0.2107321768999099,,,22811.0,2,,,6563.0,94.19,-84.84899759292603,76.58872604370117,0.2107321768999099,False,17
2022-05-08T12:19:40.694Z,0.0,0.2117679864168167,,,22978.0,2,,,6807.0,97.07,-54.66851210594177,86.29755973815918,0.2117679864168167,False,17
2022-05-08T12:19:40.861Z,0.0,0.2127255499362945,,,23128.0,2,,,6999.0,100.09,-37.01706492900848,92.88060665130617,0.2127255499362945,False,17
2022-05-08T12:19:41.028Z,0.0,0.2138257920742035,,,23294.0,2,,,7255.0,103.98,-24.04261952638626,100.0,0.2138257920742035,False,17
2022-05-08T12:19:41.195Z,0.0,0.2149746716022491,,,23461.0,2,,,7570.0,107.93,-16.679234564304352,100.0,0.2149746716022491,False,17
2022-05-08T12:19:41.361Z,0.0,0.2162938117980957,,,23644.0,2,,,7698.0,112.34,-18.081750333309174,100.0,0.2162938117980957,False,17
2022-05-08T12:19:41.527Z,0.0,0.2175346165895462,,,23811.0,2,,,8088.0,115.91,-25.24487590789795,100.0,0.2175346165895462,False,17
2022-05-08T12:19:41.695Z,0.0,0.2186848521232605,,,23961.0,2,,,8146.0,119.22,-4.491045579314232,100.0,0.2186848521232605,False,17
2022-05-08T12:19:41.861Z,0.0,0.2199990153312683,,,24128.0,2,,,8397.0,122.55,-7.346023559570312,100.0,0.2199990153312683,False,17
2022-05-08T12:19:42.028Z,0.0,0.2213482856750488,,,24294.0,2,,,8543.0,125.7,-8.114073753356934,100.0,0.2213482856750488,False,17
2022-05-08T12:19:42.195Z,0.0,0.2227302938699722,,,24461.0,2,,,8309.0,128.49,-3.4560072124004364,100.0,0.2227302938699722,False,17
2022-05-08T12:19:42.362Z,0.0,0.2242787033319473,,,24644.0,3,,,7083.0,130.99,-3.556140147149563,100.0,0.2242787033319473,False,17
2022-05-08T12:19:42.527Z,0.0,0.2255757004022598,,,24794.0,3,,,7161.0,133.83,-3.87332820892334,100.0,0.2255757004022598,False,17
2022-05-08T12:19:42.695Z,0.0,0.227197915315628,,,24978.0,3,,,7358.0,137.15,-1.9033189415931704,100.0,0.227197915315628,False,17
2022-05-08T12:19:42.861Z,0.0,0.2287070006132125,,,25144.0,3,,,7518.0,140.08,1.2687496542930603,100.0,0.2287070006132125,False,17
2022-05-08T12:19:43.029Z,0.0,0.2300926744937896,,,25294.0,3,,,7606.0,142.74,8.864722788333893,100.0,0.2300926744937896,False,17
2022-05-08T12:19:43.195Z,0.0,0.2316620945930481,,,25461.0,3,,,7811.0,145.48,10.31714740395546,100.0,0.2316620945930481,False,17
2022-05-08T12:19:43.362Z,0.0,0.2334223687648773,,,25644.0,3,,,7987.0,148.43,9.849661737680435,100.0,0.2334223687648773,False,17
2022-05-08T12:19:43.529Z,0.0,0.235053151845932,,,25811.0,3,,,8065.0,151.11,2.036701321601868,100.0,0.235053151845932,False,17
2022-05-08T12:19:43.695Z,0.0,0.2367102801799774,,,25978.0,3,,,8232.0,153.59,8.464121043682098,100.0,0.2367102801799774,False,17
2022-05-08T12:19:43.862Z,0.0,0.2382243424654007,,,26128.0,3,,,8374.0,155.71,15.792681217193604,100.0,0.2382243424654007,False,17
2022-05-08T12:19:44.031Z,0.0,0.2399311065673828,,,26294.0,3,,,8421.0,158.06,13.038255125284197,100.0,0.2399311065673828,False,17
2022-05-08T12:19:44.194Z,0.0,0.2416628301143646,,,26461.0,3,,,8589.0,160.17,18.413589239120483,100.0,0.2416628301143646,False,17
2022-05-08T12:19:44.362Z,0.0,0.2434184551239013,,,26628.0,3,,,8685.0,162.22,21.568552255630493,100.0,0.2434184551239013,False,17
2022-05-08T12:19:44.528Z,0.0,0.245194211602211,,,26794.0,4,,,7135.0,163.57,17.14484131336212,100.0,0.245194211602211,False,17
2022-05-08T12:19:44.695Z,0.0,0.247173860669136,,,26978.0,4,,,7223.0,166.23,13.004877984523771,100.0,0.247173860669136,False,17
2022-05-08T12:19:44.911Z,0.0,0.2493692636489868,,,27178.0,4,,,7356.0,169.06,12.086694180965424,100.0,0.2493692636489868,False,17
2022-05-08T12:19:45.078Z,0.0,0.2512268126010895,,,27344.0,4,,,7427.0,171.43,18.16315740346909,100.0,0.2512268126010895,False,17
2022-05-08T12:19:45.244Z,0.0,0.2533004879951477,,,27528.0,4,,,7498.0,174.01,7.44574099779129,100.0,0.2533004879951477,False,17
2022-05-08T12:19:45.412Z,0.0,0.2552133202552795,,,27694.0,4,,,7646.0,176.25,22.653563857078552,100.0,0.2552133202552795,False,17
2022-05-08T12:19:45.578Z,0.0,0.2571527063846588,,,27861.0,4,,,7746.0,178.45,24.90705627202988,100.0,0.2571527063846588,False,17
2022-05-08T12:19:45.745Z,0.0,0.2589202523231506,,,28011.0,4,,,7855.0,180.38,14.624193489551544,100.0,0.2589202523231506,False,17
2022-05-08T12:19:45.911Z,0.0,0.2609075307846069,,,28178.0,4,,,7892.0,182.52,13.12173557281494,100.0,0.2609075307846069,False,17
2022-05-08T12:19:46.078Z,0.0,0.2629139125347137,,,28344.0,4,,,7984.0,184.61,22.536706268787384,100.0,0.2629139125347137,False,17
2022-05-08T12:19:46.245Z,0.0,0.2651422321796417,,,28528.0,4,,,8111.0,186.83,19.0144624710083,100.0,0.2651422321796417,False,17
2022-05-08T12:19:46.412Z,0.0,0.2671863138675689,,,28694.0,4,,,8118.0,188.83,12.704347163438795,100.0,0.2671863138675689,False,17
2022-05-08T12:19:46.578Z,0.0,0.269250214099884,,,28861.0,4,,,8318.0,190.69,7.111893534660339,100.0,0.269250214099884,False,17
2022-05-08T12:19:46.744Z,0.0,0.2713351845741272,,,29028.0,4,,,8294.0,192.71,6.911561548709869,100.0,0.2713351845741272,False,17
2022-05-08T12:19:46.912Z,0.0,0.2734440267086029,,,29194.0,4,,,8413.0,194.55,12.287026166915894,100.0,0.2734440267086029,False,17
2022-05-08T12:19:47.078Z,0.0,0.275357723236084,,,29344.0,4,,,8412.0,196.21,0.0165921505540609,100.0,0.275357723236084,False,17
2022-05-08T12:19:47.245Z,0.0,0.2777166366577148,,,29528.0,4,,,8583.0,198.04,-5.893534988164902,100.0,0.2777166366577148,False,17
2022-05-08T12:19:47.411Z,0.0,0.2798796892166137,,,29694.0,4,,,8594.0,199.74,-9.115767389535904,100.0,0.2798796892166137,False,17
2022-05-08T12:19:47.578Z,0.0,0.282060831785202,,,29861.0,4,,,8667.0,201.31,-9.583248734474182,100.0,0.282060831785202,False,17
2022-05-08T12:19:47.745Z,0.0,0.2842558026313782,,,30028.0,5,,,7264.0,202.35,-18.14857029914856,100.0,0.2842558026313782,False,17
2022-05-08T12:19:47.912Z,0.0,0.2862452864646911,,,30178.0,5,,,7334.0,203.8,-21.855302333831787,100.0,0.2862452864646911,False,17
2022-05-08T12:19:48.078Z,0.0,0.2884723544120788,,,30344.0,5,,,7363.0,205.33,-21.57142680883408,100.0,0.2884723544120788,False,17
2022-05-08T12:19:48.245Z,0.0,0.2909448444843292,,,30528.0,5,,,7431.0,206.92,-22.823713898658752,100.0,0.2909448444843292,False,17
2022-05-08T12:19:48.411Z,0.0,0.2932046949863434,,,30694.0,5,,,7469.0,208.27,-31.43974721431732,100.0,0.2932046949863434,False,17
2022-05-08T12:19:48.578Z,0.0,0.2954776585102081,,,30861.0,5,,,7538.0,209.5,-34.22835075855255,100.0,0.2954776585102081,False,17
2022-05-08T12:19:48.744Z,0.0,0.2975364029407501,,,31011.0,5,,,7548.0,210.49,-34.49557876586914,95.4222559928894,0.2975364029407501,False,17
2022-05-08T12:19:48.911Z,0.0,0.3000704944133758,,,31194.0,5,,,7604.0,211.47,-27.682687163352966,95.35596966743468,0.3000704944133758,False,17
2022-05-08T12:19:49.078Z,0.0,0.3021617233753204,,,31344.0,5,,,7643.0,212.38,-31.20597326755524,99.99998807907104,0.3021617233753204,False,17
2022-05-08T12:19:49.245Z,0.0,0.3047404885292053,,,31528.0,5,,,7698.0,213.49,-33.36003518104553,100.0,0.3047404885292053,False,17
2022-05-08T12:19:49.412Z,0.0,0.3070936799049377,,,31694.0,5,,,7696.0,214.46,-25.962857365608212,100.0,0.3070936799049377,False,17
2022-05-08T12:19:49.579Z,0.0,0.3094528615474701,,,31861.0,5,,,7992.0,215.34,-35.130110025405884,100.0,0.3094528615474701,False,17
2022-05-08T12:19:49.744Z,0.0,0.3118184208869934,,,32028.0,5,,,7759.0,216.52,-29.035237908363342,100.0,0.3118184208869934,False,17
2022-05-08T12:19:49.911Z,0.0,0.3139537870883941,,,32178.0,5,,,7795.0,217.4,-12.037598609924316,100.0,0.3139537870883941,False,17
2022-05-08T12:19:50.078Z,0.0,0.3163381516933441,,,32344.0,5,,,7837.0,218.49,-24.62705957889557,100.0,0.3163381516933441,False,17
2022-05-08T12:19:50.245Z,0.0,0.3189783990383148,,,32528.0,5,,,7868.0,219.64,-7.913708060979843,100.0,0.3189783990383148,False,17
2022-05-08T12:19:50.412Z,0.0,0.3213771283626556,,,32694.0,5,,,7921.0,220.71,1.1351732462644577,100.0,0.3213771283626556,False,17
2022-05-08T12:19:50.578Z,0.0,0.3235411643981933,,,32844.0,5,,,7922.0,221.71,17.04470729827881,100.0,0.3235411643981933,False,17
2022-05-08T12:19:50.745Z,0.0,0.3261932134628296,,,33028.0,5,,,7995.0,222.71,25.307723701000214,100.0,0.3261932134628296,False,17
2022-05-08T12:19:50.911Z,0.0,0.3286105394363403,,,33194.0,5,,,8007.0,223.38,25.80845946073532,100.0,0.3286105394363403,False,17
2022-05-08T12:19:51.078Z,0.0,0.3310315310955047,,,33361.0,5,,,8042.0,223.86,28.646103262901303,96.3347315788269,0.3310315310955047,False,17
2022-05-08T12:19:51.245Z,0.0,0.3336947560310364,,,33544.0,5,,,8008.0,223.76,38.27729117870331,74.24128651618958,0.3336947560310364,False,17
2022-05-08T12:19:51.411Z,0.0,0.3356331288814544,,,33678.0,5,,,8071.0,223.57,40.81427192687988,82.38723278045654,0.3356331288814544,False,17
2022-05-08T12:19:51.578Z,0.0,0.3380520343780517,,,33844.0,5,,,8166.0,223.53,34.30472779273987,91.44561290740968,0.3380520343780517,False,17
2022-05-08T12:19:51.745Z,0.0,0.3407124280929565,,,34028.0,5,,,8071.0,223.67,34.75542593002319,96.20370268821716,0.3407124280929565,False,17
2022-05-08T12:19:51.911Z,0.0,0.3428894877433777,,,34178.0,5,,,8030.0,223.82,15.175091326236725,100.0,0.3428894877433777,False,17
2022-05-08T12:19:52.081Z,0.0,0.3453162312507629,,,34344.0,5,,,8047.0,224.31,24.58987534046173,100.0,0.3453162312507629,False,17
2022-05-08T12:19:52.245Z,0.0,0.3480045199394226,,,34528.0,5,,,8134.0,224.94,31.016387581825256,100.0,0.3480045199394226,False,17
2022-05-08T12:19:52.412Z,0.0,0.3504664003849029,,,34694.0,5,,,8172.0,225.52,16.777624487876892,100.0,0.3504664003849029,False,17
2022-05-08T12:19:52.578Z,0.0,0.3526906073093414,,,34844.0,5,,,8190.0,226.04,9.766250431537628,100.0,0.3526906073093414,False,17
2022-05-08T12:19:52.744Z,0.0,0.3551663160324096,,,35011.0,5,,,8189.0,226.62,6.494175732135773,100.0,0.3551663160324096,False,17
2022-05-08T12:19:52.911Z,0.0,0.3576429784297943,,,35178.0,5,,,8381.0,227.16,3.055148348212242,100.0,0.3576429784297943,False,17
2022-05-08T12:19:53.079Z,0.0,0.3601220548152923,,,35344.0,5,,,8203.0,228.03,3.272136710584164,98.4201431274414,0.3601220548152923,False,17
2022-05-08T12:19:53.244Z,7.99475684762001,0.362604409456253,,,35511.0,5,,,8035.0,227.66,1.5025244653224945,13.178381323814392,0.362604409456253,False,17
2022-05-08T12:19:53.413Z,50.446802377700806,0.3655471503734588,,,35711.0,5,,,7618.0,221.86,6.694507285952568,0.0,0.3655471503734588,False,17
2022-05-08T12:19:53.578Z,65.07805585861206,0.3676897585391998,,,35861.0,5,,,7287.0,215.11,7.228749394416809,0.0,0.3676897585391998,False,17
2022-05-08T12:19:53.745Z,63.35042119026184,0.3699908852577209,,,36028.0,5,,,6916.0,207.06,6.811364009976387,0.0,0.3699908852577209,False,17
2022-05-08T12:19:53.912Z,54.48589324951172,0.3719877600669861,,,36178.0,5,,,6776.0,200.02,-2.020173504948616,0.0,0.3719877600669861,False,17
2022-05-08T12:19:54.081Z,42.95245707035065,0.3743602931499481,,,36361.0,5,,,6085.0,193.9,11.702751189470291,0.0,0.3743602931499481,False,17
2022-05-08T12:19:54.245Z,35.16025245189667,0.3762449324131012,,,36511.0,4,,,7622.0,188.17,7.362261414527893,0.0,0.3762449324131012,False,17
2022-05-08T12:19:54.411Z,31.99094533920288,0.3782907426357269,,,36678.0,4,,,7535.0,183.46,10.250326573848724,0.0,0.3782907426357269,False,17
2022-05-08T12:19:54.578Z,31.704998016357425,0.3802904486656189,,,36844.0,4,,,7457.0,178.57,10.534135550260544,0.0,0.3802904486656189,False,17
2022-05-08T12:19:54.748Z,28.893128037452698,0.3822419047355652,,,37011.0,4,,,7226.0,174.24,26.94356745481491,0.0,0.3822419047355652,False,17
2022-05-08T12:19:54.964Z,16.430358588695526,0.3849074244499206,,,37244.0,4,,,7087.0,168.26,44.70328140258789,0.0,0.3849074244499206,False,17
2022-05-08T12:19:55.128Z,14.404858648777008,0.3865872323513031,,,37394.0,4,,,6983.0,165.26,45.23732602596283,0.0,0.3865872323513031,False,17
2022-05-08T12:19:55.295Z,2.0135829225182533,0.388426661491394,,,37561.0,4,,,6864.0,162.29,45.80481779575348,0.0,0.388426661491394,False,17
2022-05-08T12:19:55.461Z,2.954843081533909,0.3902423083782196,,,37728.0,3,,,8425.0,160.05,47.03993189334869,0.0,0.3902423083782196,False,17
2022-05-08T12:19:55.628Z,20.89836448431015,0.3921854496002197,,,37911.0,3,,,8132.0,156.65,44.736666321754456,0.0,0.3921854496002197,False,17
2022-05-08T12:19:55.794Z,22.340044379234318,0.3938901424407959,,,38078.0,3,,,7864.0,152.69,48.49196672439575,0.0,0.3938901424407959,False,17
2022-05-08T12:19:55.962Z,15.703560411930084,0.3955372273921966,,,38244.0,3,,,7691.0,148.58,52.848085045814514,0.0,0.3955372273921966,False,17
2022-05-08T12:19:56.128Z,0.5719051696360111,0.3971395492553711,,,38411.0,3,,,7603.0,145.79,63.74610567092896,0.0,0.3971395492553711,False,17
2022-05-08T12:19:56.295Z,0.0,0.3987167179584503,,,38578.0,3,,,7542.0,143.84,79.61624598503113,6.922119855880737,0.3987167179584503,False,17
2022-05-08T12:19:56.464Z,0.0,0.4002761840820312,,,38744.0,3,,,7590.0,142.6,76.56251287460327,23.08451533317566,0.4002761840820312,False,17
2022-05-08T12:19:56.629Z,0.0,0.401814728975296,,,38911.0,3,,,7599.0,142.25,80.31718754768372,40.41985869407654,0.401814728975296,False,17
2022-05-08T12:19:56.794Z,0.0,0.40334352850914,,,39078.0,3,,,7637.0,142.78,77.23001074790955,62.44703531265259,0.40334352850914,False,17
2022-05-08T12:19:56.961Z,0.0,0.404723048210144,,,39228.0,3,,,7773.0,144.05,60.7921781539917,83.36595296859741,0.404723048210144,False,17
2022-05-08T12:19:57.128Z,0.0,0.4064301550388336,,,39411.0,3,,,7882.0,146.61,42.566840171813965,99.39735531806946,0.4064301550388336,False,17
2022-05-08T12:19:57.294Z,0.0,0.4080144166946411,,,39578.0,3,,,8039.0,149.29,41.281622767448425,100.0,0.4080144166946411,False,17
2022-05-08T12:19:57.461Z,0.0,0.409633606672287,,,39744.0,3,,,8148.0,151.84,46.272185921669006,100.0,0.409633606672287,False,17
2022-05-08T12:19:57.628Z,0.0,0.4111186861991882,,,39894.0,3,,,8256.0,153.98,47.59069836139679,100.0,0.4111186861991882,False,17
2022-05-08T12:19:57.795Z,0.0,0.4127867221832275,,,40061.0,3,,,8348.0,156.18,45.28743970394135,100.0,0.4127867221832275,False,17
2022-05-08T12:19:57.963Z,0.0,0.4144725501537323,,,40228.0,3,,,8484.0,158.28,47.3737223148346,100.0,0.4144725501537323,False,17
2022-05-08T12:19:58.128Z,0.0,0.4163471758365631,,,40411.0,3,,,8563.0,160.32,45.304147720336914,100.0,0.4163471758365631,False,17
2022-05-08T12:19:58.295Z,0.0,0.4178987145423889,,,40561.0,3,,,8689.0,161.91,42.65031456947327,100.0,0.4178987145423889,False,17
2022-05-08T12:19:58.461Z,0.0,0.419644683599472,,,40728.0,3,,,8723.0,163.58,38.26057279109955,100.0,0.419644683599472,False,17
2022-05-08T12:19:58.628Z,0.0,0.4215912222862243,,,40911.0,4,,,7177.0,164.88,38.54431867599487,100.0,0.4215912222862243,False,17
2022-05-08T12:19:58.795Z,0.0,0.4232042133808136,,,41061.0,4,,,7200.0,166.66,29.61432123184204,100.0,0.4232042133808136,False,17
2022-05-08T12:19:58.961Z,0.0,0.4250165224075317,,,41228.0,4,,,7353.0,168.62,39.011669516563416,100.0,0.4250165224075317,False,17
2022-05-08T12:19:59.129Z,0.0,0.4270331561565399,,,41411.0,4,,,7415.0,170.71,27.14389944076538,100.0,0.4270331561565399,False,17
2022-05-08T12:19:59.294Z,0.0,0.4288859963417053,,,41578.0,4,,,7498.0,172.54,17.228317439556122,100.0,0.4288859963417053,False,17
2022-05-08T12:19:59.462Z,0.0,0.4305713474750519,,,41728.0,4,,,7556.0,174.22,19.264889121055603,100.0,0.4305713474750519,False,17
2022-05-08T12:19:59.628Z,0.0,0.4324675500392914,,,41894.0,4,,,7588.0,176.09,18.647240459918976,100.0,0.4324675500392914,False,17
2022-05-08T12:19:59.794Z,0.0,0.4343922734260559,,,42061.0,4,,,7783.0,177.86,20.13290911912918,100.0,0.4343922734260559,False,17
2022-05-08T12:19:59.961Z,0.0,0.4365334808826446,,,42244.0,4,,,7854.0,179.9,11.335465222597122,100.0,0.4365334808826446,False,17
2022-05-08T12:20:00.127Z,0.0,0.4385022222995758,,,42411.0,4,,,7903.0,181.79,-2.988457590341568,100.0,0.4385022222995758,False,17
2022-05-08T12:20:00.295Z,0.0,0.4404917657375335,,,42578.0,4,,,7963.0,183.73,-16.078140079975128,100.0,0.4404917657375335,False,17
2022-05-08T12:20:00.462Z,0.0,0.4425022006034851,,,42744.0,4,,,8035.0,185.62,-5.292439207434654,100.0,0.4425022006034851,False,17
2022-05-08T12:20:00.628Z,0.0,0.4445333480834961,,,42911.0,4,,,8114.0,187.42,-7.462911397218704,100.0,0.4445333480834961,False,17
2022-05-08T12:20:00.795Z,0.0,0.4465834498405456,,,43078.0,4,,,8217.0,189.12,-12.221305549144745,100.0,0.4465834498405456,False,17
2022-05-08T12:20:00.962Z,0.0,0.4488601386547088,,,43261.0,4,,,8305.0,190.93,-16.779399693012238,100.0,0.4488601386547088,False,17
2022-05-08T12:20:01.128Z,0.0,0.4507353603839874,,,43411.0,5,,,6944.0,191.68,-13.13955071568489,100.0,0.4507353603839874,False,17
2022-05-08T12:20:01.294Z,0.0,0.4528287649154663,,,43578.0,5,,,7008.0,193.35,-14.491975277662275,100.0,0.4528287649154663,False,17
2022-05-08T12:20:01.462Z,0.0,0.4549391865730285,,,43744.0,5,,,7050.0,194.97,-15.777642965316772,100.0,0.4549391865730285,False,17
2022-05-08T12:20:01.628Z,0.3574407193809747,0.4568527936935425,,,43894.0,5,,,6947.0,195.78,-19.73472905158997,36.37849688529968,0.4568527936935425,False,17
2022-05-08T12:20:01.795Z,36.24448478221893,0.4591854810714721,,,44078.0,5,,,6611.0,192.83,-6.193999260663986,0.0,0.4591854810714721,False,17
2022-05-08T12:20:01.962Z,57.22624659538269,0.4610548913478851,,,44228.0,5,,,6521.0,187.36,1.802990898489952,0.0,0.4610548913478851,False,17
2022-05-08T12:20:02.128Z,61.05087995529175,0.4634518921375274,,,44428.0,5,,,6141.0,178.73,8.714489787817001,0.0,0.4634518921375274,False,17
2022-05-08T12:20:02.295Z,57.58369565010071,0.4649829864501953,,,44561.0,5,,,6014.0,172.73,8.113491237163544,0.0,0.4649829864501953,False,17
2022-05-08T12:20:02.462Z,52.03145146369934,0.4668233692646026,,,44728.0,N,,,6648.0,166.12,13.622530966997148,75.0,0.4668233692646026,False,17
2022-05-08T12:20:02.629Z,46.050286293029785,0.4687613248825073,,,44911.0,4,,,6641.0,159.02,21.11778497695923,0.0,0.4687613248825073,False,17
2022-05-08T12:20:02.795Z,37.18574941158295,0.4706158936023712,,,45094.0,4,,,6315.0,152.98,25.307723701000214,0.0,0.4706158936023712,False,17
2022-05-08T12:20:02.962Z,32.86071419715881,0.4719205200672149,,,45228.0,3,,,7384.0,148.99,33.43670952320099,0.0,0.4719205200672149,False,17
2022-05-08T12:20:03.127Z,17.657573521137238,0.4735011458396911,,,45394.0,3,,,7389.0,144.3,37.15896725654602,0.0,0.4735011458396911,False,17
2022-05-08T12:20:03.295Z,2.013582363724709,0.4750224947929382,,,45561.0,3,,,7339.0,140.93,46.45572865009308,0.0,0.4750224947929382,False,17
2022-05-08T12:20:03.462Z,0.0,0.4765169322490692,,,45728.0,3,,,7243.0,138.97,49.6268949508667,2.6218120008707047,0.4765169322490692,False,17
2022-05-08T12:20:03.628Z,0.0,0.4780073463916778,,,45894.0,3,,,7289.0,137.71,63.21209216117859,20.08662521839142,0.4780073463916778,False,17
2022-05-08T12:20:03.795Z,0.0,0.4796552658081054,,,46078.0,3,,,7254.0,136.95,90.69618105888368,21.976298093795776,0.4796552658081054,False,17
2022-05-08T12:20:03.962Z,0.0,0.4810026586055755,,,46228.0,3,,,7178.0,136.22,91.31350994110107,19.76140439510345,0.4810026586055755,False,17
2022-05-08T12:20:04.128Z,0.0,0.4824728965759277,,,46394.0,3,,,7184.0,135.23,94.18343758583067,26.60338282585144,0.4824728965759277,False,17
2022-05-08T12:20:04.295Z,0.0,0.4840579926967621,,,46578.0,3,,,7114.0,134.52,88.3433895111084,32.01344609260559,0.4840579926967621,False,17
2022-05-08T12:20:04.462Z,0.0,0.4854829609394073,,,46744.0,3,,,7178.0,134.44,95.03447127342224,44.72018480300903,0.4854829609394073,False,17
2022-05-08T12:20:04.628Z,0.0,0.4867619276046753,,,46894.0,3,,,7210.0,134.89,86.174147605896,53.45337390899658,0.4867619276046753,False,17
2022-05-08T12:20:04.794Z,0.0,0.4883394837379455,,,47078.0,3,,,7312.0,135.89,58.65599274635315,68.70328187942505,0.4883394837379455,False,17
2022-05-08T12:20:05.011Z,0.0,0.4900799691677093,,,47278.0,3,,,7569.0,137.94,41.298351526260376,82.90973901748657,0.4900799691677093,False,17
2022-05-08T12:20:05.179Z,0.0,0.4918480813503265,,,47478.0,3,,,7595.0,140.79,28.94663667678833,96.92042469978333,0.4918480813503265,False,17
2022-05-08T12:20:05.344Z,0.0,0.4930496513843536,,,47611.0,3,,,7776.0,142.9,21.551830410957336,97.63715863227844,0.4930496513843536,False,17
2022-05-08T12:20:05.512Z,0.0,0.4945792853832245,,,47778.0,3,,,7844.0,145.67,35.22278714179993,100.0,0.4945792853832245,False,17
2022-05-08T12:20:05.678Z,0.0,0.4961436688899994,,,47944.0,3,,,7945.0,148.4,21.9858118891716,100.0,0.4961436688899994,False,17
2022-05-08T12:20:05.845Z,0.0,0.4977392256259918,,,48111.0,3,,,8166.0,151.01,21.418316662311558,100.0,0.4977392256259918,False,17
2022-05-08T12:20:06.012Z,0.0,0.4993608593940735,,,48278.0,3,,,8216.0,153.64,16.6941397190094,100.0,0.4993608593940735,False,17
2022-05-08T12:20:06.178Z,0.0,0.5010085701942444,,,48444.0,3,,,8342.0,156.1,25.124108374118805,100.0,0.5010085701942444,False,17
2022-05-08T12:20:06.344Z,0.0,0.5026811957359314,,,48611.0,4,,,7156.0,157.69,16.260101199150085,100.0,0.5026811957359314,False,17
2022-05-08T12:20:06.511Z,0.0,0.5045439004898071,,,48794.0,4,,,6995.0,160.33,22.08600813150406,100.0,0.5045439004898071,False,17
2022-05-08T12:20:06.678Z,0.0,0.5062658190727234,,,48961.0,4,,,6928.0,162.27,21.434972822666168,53.90958786010742,0.5062658190727234,False,17
2022-05-08T12:20:06.845Z,0.6433932576328516,0.5080066919326782,,,49128.0,4,,,6902.0,162.15,24.907059729099277,17.284485697746277,0.5080066919326782,False,17
2022-05-08T12:20:07.011Z,6.1241514980793,0.5097373723983765,,,49294.0,4,,,6783.0,160.64,21.818920135498047,0.0,0.5097373723983765,False,17
2022-05-08T12:20:07.179Z,19.099248945713043,0.511274516582489,,,49444.0,4,,,6683.0,158.55,18.814125299453732,0.0,0.511274516582489,False,17
2022-05-08T12:20:07.344Z,42.30906963348389,0.5129490494728088,,,49611.0,4,,,6459.0,154.2,20.199665129184723,0.0,0.5129490494728088,False,17
2022-05-08T12:20:07.511Z,42.38056540489197,0.5145695805549622,,,49778.0,4,,,6099.0,148.68,17.41193449497223,0.0,0.5145695805549622,False,17
2022-05-08T12:20:07.679Z,32.6462596654892,0.5162860155105591,,,49961.0,4,,,5959.0,142.97,11.06837809085846,0.0,0.5162860155105591,False,17
2022-05-08T12:20:07.844Z,29.322054982185364,0.5177968144416809,,,50128.0,3,,,7199.0,138.48,14.190151512622831,0.0,0.5177968144416809,False,17
2022-05-08T12:20:08.012Z,27.665916085243225,0.5191240906715393,,,50278.0,3,,,6962.0,134.61,16.260099470615387,0.0,0.5191240906715393,False,17
2022-05-08T12:20:08.178Z,27.89229154586792,0.5206906199455261,,,50461.0,2,,,8254.0,130.39,26.793269634246823,0.0,0.5206906199455261,False,17
2022-05-08T12:20:08.345Z,23.28130304813385,0.5220643877983093,,,50628.0,2,,,8198.0,125.67,25.57474255561829,0.0,0.5220643877983093,False,17
2022-05-08T12:20:08.511Z,22.340042889118195,0.5232609510421753,,,50778.0,2,,,8006.0,121.88,27.244031727313995,0.0,0.5232609510421753,False,17
2022-05-08T12:20:08.68Z,23.4957754611969,0.524552583694458,,,50944.0,2,,,7744.0,117.83,49.526819705963135,0.0,0.524552583694458,False,17
2022-05-08T12:20:08.845Z,23.78172427415848,0.5258049964904785,,,51111.0,2,,,7471.0,113.66,52.58100914955139,0.0,0.5258049964904785,False,17
2022-05-08T12:20:09.011Z,23.424285650253296,0.5270317196846008,,,51278.0,2,,,7148.0,109.59,51.713101506233215,0.0,0.5270317196846008,False,17
2022-05-08T12:20:09.179Z,21.75622284412384,0.5283383131027222,,,51461.0,2,,,6827.0,105.23,53.498937129974365,0.0,0.5283383131027222,False,17
2022-05-08T12:20:09.345Z,15.417611598968506,0.5293717980384827,,,51611.0,2,,,6643.0,101.87,57.7714946269989,0.0,0.5293717980384827,False,17
2022-05-08T12:20:09.511Z,8.352197706699371,0.530489981174469,,,51778.0,2,,,6527.0,98.85,63.92971754074097,0.0,0.530489981174469,False,17
2022-05-08T12:20:09.679Z,5.838197842240334,0.5315871238708496,,,51944.0,2,,,6404.0,96.49,71.63961148262024,0.0,0.5315871238708496,False,17
2022-05-08T12:20:09.845Z,3.74121367931366,0.5326665043830872,,,52111.0,2,,,6287.0,94.41,82.45311713218689,0.0,0.5326665043830872,False,17
2022-05-08T12:20:10.012Z,2.3710235953331,0.5337098836898804,,,52278.0,2,,,6162.0,92.55,97.22016191482544,0.0,0.5337098836898804,False,17
2022-05-08T12:20:10.178Z,0.9293455630540848,0.5347190499305725,,,52444.0,2,,,6055.0,90.67,106.18001461029051,0.0,0.5347190499305725,False,17
2022-05-08T12:20:10.345Z,0.0,0.5357035994529724,,,52611.0,2,,,6018.0,89.08,111.619042634964,8.68232399225235,0.5357035994529724,False,17
2022-05-08T12:20:10.515Z,0.0,0.5366754531860352,,,52778.0,2,,,5967.0,88.4,111.08514666557312,23.93224537372589,0.5366754531860352,False,17
2022-05-08T12:20:10.679Z,0.0,0.5377511382102966,,,52961.0,2,,,6041.0,88.6,109.65033149719238,39.57213759422302,0.5377511382102966,False,17
2022-05-08T12:20:10.845Z,0.0,0.5386473536491394,,,53111.0,2,,,6161.0,89.53,105.96315264701845,54.23482656478882,0.5386473536491394,False,17
2022-05-08T12:20:11.012Z,0.0,0.539664089679718,,,53278.0,2,,,6345.0,91.55,94.10003232955933,69.61420774459839,0.539664089679718,False,17
2022-05-08T12:20:11.179Z,0.0,0.5407992005348206,,,53461.0,2,,,6602.0,94.46,71.62294149398804,75.15374422073364,0.5407992005348206,False,17
2022-05-08T12:20:11.345Z,0.0,0.5417437553405762,,,53611.0,2,,,6771.0,96.96,55.31812655925751,75.34950971603394,0.5417437553405762,False,17
2022-05-08T12:20:11.512Z,0.0,0.5428131222724915,,,53778.0,2,,,6959.0,99.74,54.36682057380676,75.22004842758179,0.5428131222724915,False,17
2022-05-08T12:20:11.678Z,0.0,0.544016420841217,,,53961.0,2,,,7135.0,102.72,56.503071665763855,75.41424036026001,0.544016420841217,False,17
2022-05-08T12:20:11.844Z,0.0,0.545134425163269,,,54128.0,2,,,7266.0,105.41,54.71731901168823,75.34949779510498,0.545134425163269,False,17
2022-05-08T12:20:12.012Z,0.0,0.5463796854019165,,,54311.0,2,,,7500.0,108.37,53.665879011154175,79.12886142730713,0.5463796854019165,False,17
2022-05-08T12:20:12.178Z,0.0,0.54729825258255,,,54444.0,2,,,7673.0,110.7,50.16099143028259,85.64711809158325,0.54729825258255,False,17
2022-05-08T12:20:12.345Z,0.0,0.5487052202224731,,,54644.0,2,,,7963.0,114.42,47.99130010604858,90.27268290519714,0.5487052202224731,False,17
2022-05-08T12:20:12.511Z,0.0,0.5496687293052673,,,54778.0,2,,,8134.0,116.84,47.17345428466797,91.1204159259796,0.5496687293052673,False,17
2022-05-08T12:20:12.678Z,0.0,0.5510374307632446,,,54961.0,2,,,8309.0,120.02,35.87368071079254,95.3559935092926,0.5510374307632446,False,17
2022-05-08T12:20:12.844Z,0.0,0.5523302555084229,,,55128.0,3,,,6718.0,122.04,29.5475652217865,97.11616039276124,0.5523302555084229,False,17
2022-05-08T12:20:13.011Z,0.0,0.5536413192749023,,,55294.0,3,,,6835.0,125.21,27.694728136062626,100.0,0.5536413192749023,False,17
2022-05-08T12:20:13.178Z,0.0,0.5549865365028381,,,55461.0,3,,,6998.0,128.32,22.38647413253784,100.0,0.5549865365028381,False,17
2022-05-08T12:20:13.345Z,0.0,0.556373119354248,,,55628.0,3,,,7183.0,131.49,14.540713906288149,100.0,0.556373119354248,False,17
2022-05-08T12:20:13.512Z,0.0,0.5578017234802246,,,55794.0,3,,,7309.0,134.7,-0.5843402296304703,100.0,0.5578017234802246,False,17
2022-05-08T12:20:13.679Z,0.0,0.5592725276947021,,,55961.0,3,,,7360.0,138.08,-14.074588596820831,100.0,0.5592725276947021,False,17
2022-05-08T12:20:13.845Z,0.0,0.5609405040740967,,,56144.0,3,,,7605.0,141.53,-18.649466812610623,100.0,0.5609405040740967,False,17
2022-05-08T12:20:14.011Z,0.0,0.5623447299003601,,,56294.0,3,,,7749.0,144.28,-18.833106338977814,100.0,0.5623447299003601,False,17
2022-05-08T12:20:14.178Z,0.0,0.5637794733047485,,,56444.0,3,,,7873.0,146.92,-19.55109125375748,100.0,0.5637794733047485,False,17
2022-05-08T12:20:14.345Z,0.0,0.5655686259269714,,,56628.0,3,,,8017.0,150.0,-20.836723506450653,100.0,0.5655686259269714,False,17
2022-05-08T12:20:14.511Z,0.0,0.5670604705810547,,,56778.0,3,,,8185.0,152.32,-22.4730823636055,96.33472561836244,0.5670604705810547,False,17
2022-05-08T12:20:14.678Z,3.026331588625908,0.5687421560287476,,,56944.0,3,,,7984.0,153.55,-22.623347342014316,18.913675844669346,0.5687421560287476,False,17
2022-05-08T12:20:14.844Z,20.38603723049164,0.5704176425933838,,,57111.0,3,,,7768.0,151.01,-17.580857276916504,0.0,0.5704176425933838,False,17
2022-05-08T12:20:15.063Z,29.17907536029816,0.5726974010467529,,,57344.0,3,,,7516.0,144.99,-18.732944667339325,0.0,0.5726974010467529,False,17
2022-05-08T12:20:15.228Z,32.36030042171478,0.5741103291511536,,,57494.0,3,,,7276.0,140.79,-29.60299241542816,0.0,0.5741103291511536,False,17
2022-05-08T12:20:15.395Z,29.762902855873108,0.5756338238716125,,,57661.0,3,,,6993.0,136.13,-32.50844144821167,0.0,0.5756338238716125,False,17
2022-05-08T12:20:15.561Z,23.71022999286652,0.5772590041160583,,,57844.0,3,,,6767.0,131.53,-33.41013503074646,0.0,0.5772590041160583,False,17
2022-05-08T12:20:15.728Z,22.69748747348785,0.5786968469619751,,,58011.0,2,,,7950.0,127.94,-37.81860375404358,0.0,0.5786968469619751,False,17
2022-05-08T12:20:15.895Z,21.541759371757507,0.5799575448036194,,,58161.0,2,,,7971.0,123.83,-39.25467038154602,0.0,0.5799575448036194,False,17
2022-05-08T12:20:16.062Z,19.885621964931488,0.5813115835189819,,,58328.0,2,,,7839.0,119.53,-36.031824350357056,0.0,0.5813115835189819,False,17
2022-05-08T12:20:16.228Z,19.24222558736801,0.5826032757759094,,,58494.0,2,,,7569.0,115.61,-44.297884702682495,0.0,0.5826032757759094,False,17
2022-05-08T12:20:16.395Z,19.313710927963257,0.5839611291885376,,,58678.0,2,,,7308.0,111.35,-54.03391170501709,0.0,0.5839611291885376,False,17
2022-05-08T12:20:16.564Z,17.729058861732483,0.5851458311080933,,,58844.0,2,,,7059.0,107.57,-59.71214127540589,0.0,0.5851458311080933,False,17
2022-05-08T12:20:16.728Z,6.910519301891327,0.5862892270088196,,,59011.0,2,,,6880.0,104.32,-61.749661922454834,0.0,0.5862892270088196,False,17
2022-05-08T12:20:16.895Z,0.9293458424508572,0.5872856378555298,,,59161.0,2,,,6821.0,102.25,-70.86876106262207,0.0,0.5872856378555298,False,17
2022-05-08T12:20:17.062Z,-1.4551915e-09,0.5883563756942749,,,59328.0,2,,,6700.0,100.4,-82.92813920974731,0.0,0.5883563756942749,False,17
2022-05-08T12:20:17.228Z,0.0,0.589394748210907,,,59494.0,2,,,6584.0,98.62,-97.22675108909608,0.0,0.589394748210907,False,17
2022-05-08T12:20:17.395Z,0.0,0.5904061794281006,,,59661.0,2,,,6470.0,96.8,-112.46214580535889,0.0,0.5904061794281006,False,17
2022-05-08T12:20:17.561Z,0.0,0.5914932489395142,,,59844.0,2,,,6379.0,94.94,-123.58895874023438,8.226092159748077,0.5914932489395142,False,17
2022-05-08T12:20:17.729Z,0.0,0.592466413974762,,,60011.0,2,,,6289.0,93.52,-127.36481142044067,10.115762054920197,0.592466413974762,False,17
2022-05-08T12:20:17.894Z,0.0,0.593423068523407,,,60178.0,2,,,6283.0,92.41,-133.94784593582153,16.95926785469055,0.593423068523407,False,17
2022-05-08T12:20:18.062Z,0.0,0.5943610668182373,,,60344.0,2,,,6255.0,91.88,-139.97957468032837,25.105202198028564,0.5943610668182373,False,17
2022-05-08T12:20:18.228Z,0.0,0.5952913165092468,,,60511.0,2,,,6271.0,91.76,-145.91143560409546,32.59915113449097,0.5952913165092468,False,17
2022-05-08T12:20:18.394Z,0.0,0.5961277484893799,,,60661.0,2,,,6297.0,91.99,-148.28420209884644,38.46392035484314,0.5961277484893799,False,17
2022-05-08T12:20:18.562Z,0.0,0.5970625281333923,,,60828.0,2,,,6325.0,92.51,-150.8073649406433,39.96363878250122,0.5970625281333923,False,17
2022-05-08T12:20:18.728Z,0.0,0.5980076193809509,,,60994.0,2,,,6391.0,93.1,-151.89353466033936,44.1344678401947,0.5980076193809509,False,17
2022-05-08T12:20:18.895Z,0.0,0.5989672541618347,,,61161.0,2,,,6470.0,94.07,-149.92181587219238,53.38860750198364,0.5989672541618347,False,17
2022-05-08T12:20:19.061Z,0.0,0.5999441742897034,,,61328.0,2,,,6693.0,95.56,-144.75843381881714,61.01205348968506,0.5999441742897034,False,17
2022-05-08T12:20:19.228Z,0.0,0.6009395122528076,,,61494.0,2,,,6750.0,97.41,-99.93293118476868,68.05131435394287,0.6009395122528076,False,17
2022-05-08T12:20:19.395Z,0.0,0.6019584536552429,,,61661.0,2,,,7017.0,99.74,-69.78309607505798,77.30544209480286,0.6019584536552429,False,17
2022-05-08T12:20:19.562Z,0.0,0.6031166315078735,,,61844.0,2,,,7247.0,103.04,-50.00916039943695,85.71187257766724,0.6031166315078735,False,17
2022-05-08T12:20:19.728Z,0.0,0.60410076379776,,,61994.0,2,,,7549.0,105.92,-37.86864483356476,93.85782480239868,0.60410076379776,False,17
2022-05-08T12:20:19.895Z,0.0,0.6052413582801819,,,62161.0,2,,,7816.0,109.5,-11.186103403568268,100.0,0.6052413582801819,False,17
2022-05-08T12:20:20.061Z,0.0,0.6064310073852539,,,62328.0,2,,,7991.0,113.11,7.278847515583038,100.0,0.6064310073852539,False,17
2022-05-08T12:20:20.228Z,0.0,0.6077902913093567,,,62511.0,2,,,8211.0,117.01,15.425393521785736,100.0,0.6077902913093567,False,17
2022-05-08T12:20:20.395Z,0.0,0.6090697646141052,,,62678.0,2,,,8283.0,120.64,4.273862972855568,100.0,0.6090697646141052,False,17
2022-05-08T12:20:20.561Z,0.0,0.6102570295333862,,,62828.0,2,,,8425.0,123.82,-7.446254372596741,100.0,0.6102570295333862,False,17
2022-05-08T12:20:20.728Z,0.0,0.61175137758255,,,63011.0,2,,,8715.0,127.25,-11.5868321955204,100.0,0.61175137758255,False,17
2022-05-08T12:20:20.894Z,0.0,0.6131485104560852,,,63178.0,N,,,8071.0,129.54,-14.625553846359251,100.0,0.6131485104560852,False,17
2022-05-08T12:20:21.061Z,0.0,0.61456698179245,,,63344.0,3,,,7136.0,132.22,-16.34528338909149,100.0,0.61456698179245,False,17
2022-05-08T12:20:21.228Z,0.0,0.6160198450088501,,,63511.0,3,,,7301.0,135.51,-18.432374954223636,100.0,0.6160198450088501,False,17
2022-05-08T12:20:21.395Z,0.0,0.6175068616867065,,,63678.0,3,,,7478.0,138.7,-14.158064723014832,100.0,0.6175068616867065,False,17
2022-05-08T12:20:21.561Z,0.0,0.618874192237854,,,63828.0,3,,,7616.0,141.52,-8.78188967704773,100.0,0.618874192237854,False,17
2022-05-08T12:20:21.728Z,0.0,0.6205825805664062,,,64011.0,3,,,7775.0,144.89,-8.063975632190704,100.0,0.6205825805664062,False,17
2022-05-08T12:20:21.894Z,0.0,0.6221715211868286,,,64178.0,3,,,7879.0,147.91,-3.3725291416049004,100.0,0.6221715211868286,False,17
2022-05-08T12:20:22.062Z,0.0,0.6236305832862854,,,64328.0,3,,,8033.0,150.47,-6.895227760076523,100.0,0.6236305832862854,False,17
2022-05-08T12:20:22.228Z,0.0,0.6254473328590393,,,64511.0,3,,,8217.0,153.45,-9.533216297626495,100.0,0.6254473328590393,False,17
2022-05-08T12:20:22.395Z,0.0,0.6269593238830566,,,64661.0,3,,,8311.0,155.79,-6.2775095254182816,100.0,0.6269593238830566,False,17
2022-05-08T12:20:22.561Z,0.0,0.6286646127700806,,,64828.0,3,,,8477.0,158.2,-7.262546569108963,100.0,0.6286646127700806,False,17
2022-05-08T12:20:22.73Z,0.0,0.6303958296775818,,,64994.0,3,,,8536.0,160.56,-5.843402728438377,100.0,0.6303958296775818,False,17
2022-05-08T12:20:22.895Z,0.0,0.6321516036987305,,,65161.0,3,,,8689.0,162.72,-6.744962349534035,100.0,0.6321516036987305,False,17
2022-05-08T12:20:23.061Z,0.0,0.6339308023452759,,,65328.0,N,,,8055.0,164.57,-5.993667706847191,100.0,0.6339308023452759,False,17
2022-05-08T12:20:23.228Z,0.0,0.6359085440635681,,,65511.0,4,,,7213.0,166.71,-4.0904459953308105,100.0,0.6359085440635681,False,17
2022-05-08T12:20:23.394Z,0.0,0.637549638748169,,,65661.0,4,,,7330.0,168.83,-6.210754379630089,100.0,0.637549638748169,False,17
2022-05-08T12:20:23.561Z,0.0,0.639397144317627,,,65828.0,4,,,7390.0,171.2,-3.289052583277225,100.0,0.639397144317627,False,17
2022-05-08T12:20:23.728Z,0.0,0.6412696838378906,,,65994.0,4,,,7511.0,173.46,-3.255674362182617,100.0,0.6412696838378906,False,17
2022-05-08T12:20:23.895Z,0.0,0.6431666612625122,,,66161.0,4,,,7594.0,175.71,-4.073724150657654,100.0,0.6431666612625122,False,17
2022-05-08T12:20:24.061Z,0.0,0.6450877785682678,,,66328.0,4,,,7672.0,177.9,-3.071933716535568,100.0,0.6450877785682678,False,17
2022-05-08T12:20:24.228Z,0.0,0.6472280621528625,,,66511.0,4,,,7793.0,180.21,-5.676447883248329,100.0,0.6472280621528625,False,17
2022-05-08T12:20:24.394Z,0.0,0.6490002870559692,,,66661.0,4,,,7866.0,182.06,-5.643069446086884,100.0,0.6490002870559692,False,17
2022-05-08T12:20:24.563Z,0.0,0.6511895060539246,,,66844.0,4,,,7970.0,184.25,-7.546386659145355,100.0,0.6511895060539246,False,17
2022-05-08T12:20:24.728Z,0.0,0.652999222278595,,,66994.0,4,,,8023.0,186.0,-6.811782747507095,100.0,0.652999222278595,False,17
2022-05-08T12:20:24.946Z,0.0,0.6558464169502258,,,67228.0,4,,,8135.0,188.58,-5.876780733466148,100.0,0.6558464169502258,False,17
2022-05-08T12:20:25.111Z,0.0,0.6576969027519226,,,67378.0,4,,,8207.0,190.17,-5.442737892270088,100.0,0.6576969027519226,False,17
2022-05-08T12:20:25.278Z,0.0,0.6597706079483032,,,67544.0,4,,,8278.0,191.86,-2.4542798697948456,100.0,0.6597706079483032,False,17
2022-05-08T12:20:25.444Z,0.0,0.6622838377952576,,,67744.0,4,,,8345.0,193.81,-7.729998528957367,100.0,0.6622838377952576,False,17
2022-05-08T12:20:25.611Z,0.0,0.6639742255210876,,,67878.0,4,,,8415.0,195.02,-5.542903020977974,100.0,0.6639742255210876,False,17
2022-05-08T12:20:25.78Z,0.0,0.6663159728050232,,,68061.0,4,,,8453.0,196.66,-3.1387545466423035,100.0,0.6663159728050232,False,17
2022-05-08T12:20:25.945Z,0.0,0.6684616208076477,,,68228.0,4,,,8534.0,198.05,-3.272330954670906,100.0,0.6684616208076477,False,17
2022-05-08T12:20:26.111Z,0.0,0.670622706413269,,,68394.0,4,,,8591.0,199.38,-3.0886557772755623,100.0,0.670622706413269,False,17
2022-05-08T12:20:26.278Z,0.0,0.6727951169013977,,,68561.0,5,,,7195.0,200.28,-1.5359672904014587,100.0,0.6727951169013977,False,17
2022-05-08T12:20:26.445Z,0.0,0.6749827861785889,,,68728.0,5,,,7249.0,201.8,-0.0334425144828856,100.0,0.6749827861785889,False,17
2022-05-08T12:20:26.611Z,0.0,0.677186906337738,,,68894.0,5,,,7317.0,203.29,-5.876780301332474,100.0,0.677186906337738,False,17
2022-05-08T12:20:26.78Z,0.0,0.679406464099884,,,69061.0,5,,,7360.0,204.77,-0.9183133356273174,100.0,0.679406464099884,False,17
2022-05-08T12:20:26.944Z,0.0,0.6814176440238953,,,69211.0,5,,,7430.0,206.06,-4.641344264149666,100.0,0.6814176440238953,False,17
2022-05-08T12:20:27.111Z,0.0,0.6836675405502319,,,69378.0,5,,,7484.0,207.5,-6.427743822336197,100.0,0.6836675405502319,False,17
2022-05-08T12:20:27.278Z,0.0,0.6859334707260132,,,69544.0,5,,,7530.0,208.93,-4.057002305984497,100.0,0.6859334707260132,False,17
2022-05-08T12:20:27.445Z,0.0,0.6884440779685974,,,69728.0,5,,,7591.0,210.49,-6.878571599721909,100.0,0.6884440779685974,False,17
2022-05-08T12:20:27.611Z,0.0,0.6905125379562378,,,69878.0,5,,,7634.0,211.76,-4.491045579314232,100.0,0.6905125379562378,False,17
2022-05-08T12:20:27.778Z,0.0,0.6928255558013916,,,70044.0,5,,,7719.0,213.13,-5.776645421981812,100.0,0.6928255558013916,False,17
2022-05-08T12:20:27.944Z,0.0,0.6951535940170288,,,70211.0,5,,,7718.0,214.57,-6.477841079235077,100.0,0.6951535940170288,False,17
2022-05-08T12:20:28.113Z,24.210651218891144,0.6977316737174988,,,70394.0,5,,,7603.0,215.49,-3.6729957908391953,41.07184708118439,0.6977316737174988,False,17
2022-05-08T12:20:28.278Z,57.72668123245239,0.6998243927955627,,,70544.0,5,,,7136.0,210.91,-6.477841511368752,0.0,0.6998243927955627,False,17
2022-05-08T12:20:28.444Z,72.6557970046997,0.7022964358329773,,,70728.0,5,,,6888.0,201.67,0.6343749891966581,0.0,0.7022964358329773,False,17
2022-05-08T12:20:28.611Z,70.27283906936646,0.7042351365089417,,,70878.0,5,,,6709.0,193.71,-1.9033182933926585,0.0,0.7042351365089417,False,17
2022-05-08T12:20:28.777Z,69.18861269950867,0.7065006494522095,,,71061.0,N,,,6684.0,184.47,-4.758264511823654,75.0,0.7065006494522095,False,17
2022-05-08T12:20:28.949Z,67.60395765304565,0.7084687352180481,,,71228.0,4,,,6736.0,177.07,-5.526181608438492,0.0,0.7084687352180481,False,17
2022-05-08T12:20:29.111Z,67.83033609390259,0.7101646065711975,,,71378.0,4,,,7482.0,168.71,-4.09044685959816,75.0,0.7101646065711975,False,17
2022-05-08T12:20:29.279Z,64.93507027626038,0.7119588255882263,,,71544.0,3,,,7999.0,160.7,1.586001455783844,0.0,0.7119588255882263,False,17
2022-05-08T12:20:29.445Z,63.86274099349976,0.7139963507652283,,,71744.0,3,,,7581.0,151.02,-0.5676833130419254,0.0,0.7139963507652283,False,17
2022-05-08T12:20:29.613Z,61.05086803436279,0.7154422998428345,,,71894.0,3,,,7245.0,143.98,10.11681455373764,0.0,0.7154422998428345,False,17
2022-05-08T12:20:29.778Z,56.42797946929932,0.7168210744857788,,,72044.0,3,,,6994.0,137.36,15.442115366458893,0.0,0.7168210744857788,False,17
2022-05-08T12:20:29.944Z,49.874889850616455,0.7182824015617371,,,72211.0,3,,,6668.0,130.73,19.49860256910324,0.0,0.7182824015617371,False,17
2022-05-08T12:20:30.112Z,42.38055050373077,0.7196707725524902,,,72378.0,3,,,6331.0,124.75,21.65203356742859,0.0,0.7196707725524902,False,17
2022-05-08T12:20:30.278Z,35.088762640953064,0.7211278080940247,,,72561.0,2,,,7390.0,119.38,32.13478064537048,0.0,0.7211278080940247,False,17
2022-05-08T12:20:30.444Z,25.938287377357483,0.7223998308181763,,,72728.0,2,,,7468.0,114.23,40.89774978160858,0.0,0.7223998308181763,False,17
2022-05-08T12:20:30.612Z,20.3145444393158,0.723507821559906,,,72878.0,2,,,7238.0,110.53,39.41226089000702,0.0,0.723507821559906,False,17
2022-05-08T12:20:30.778Z,20.24305909872055,0.7247370481491089,,,73044.0,2,,,7035.0,106.89,48.69231081008911,0.0,0.7247370481491089,False,17
2022-05-08T12:20:30.944Z,20.529012382030487,0.7260642051696777,,,73228.0,2,,,6750.0,102.87,72.10699343681335,0.0,0.7260642051696777,False,17
2022-05-08T12:20:31.111Z,18.801380693912503,0.7271369695663452,,,73378.0,2,,,6502.0,99.65,92.0142993927002,0.0,0.7271369695663452,False,17
2022-05-08T12:20:31.278Z,10.2228045463562,0.7283211350440979,,,73544.0,2,,,6323.0,96.19,116.45731496810912,0.0,0.7283211350440979,False,17
2022-05-08T12:20:31.445Z,0.3574407659471035,0.7295709848403931,,,73728.0,2,,,6240.0,93.27,125.24922323226927,2.100837230682373,0.7295709848403931,False,17
2022-05-08T12:20:31.611Z,0.0,0.7306109070777893,,,73894.0,2,,,6224.0,91.56,130.4541039466858,11.35498732328415,0.7306109070777893,False,17
2022-05-08T12:20:31.78Z,0.0,0.7314867377281189,,,74044.0,2,,,6135.0,90.67,123.84789323806764,15.525829792022703,0.7314867377281189,False,17
2022-05-08T12:20:31.945Z,0.0,0.7325106859207153,,,74228.0,2,,,6158.0,90.18,128.53565168380737,27.90733575820923,0.7325106859207153,False,17
2022-05-08T12:20:32.111Z,0.0,0.7335188984870911,,,74411.0,2,,,6205.0,90.5,115.1226372718811,39.2469048500061,0.7335188984870911,False,17
2022-05-08T12:20:32.278Z,0.0,0.7342728972434998,,,74544.0,2,,,6311.0,91.37,78.44821286201477,51.36793851852417,0.7342728972434998,False,17
2022-05-08T12:20:32.445Z,0.0,0.7352889776229858,,,74711.0,2,,,6471.0,93.34,11.051656246185305,65.63911437988281,0.7352889776229858,False,17
2022-05-08T12:20:32.611Z,0.0,0.7364687919616699,,,74894.0,2,,,6653.0,96.36,-44.74870038032532,64.2056941986084,0.7364687919616699,False,17
2022-05-08T12:20:32.778Z,0.0,0.7374842762947083,,,75044.0,2,,,6382.0,97.78,-82.24327993392944,11.22397929430008,0.7374842762947083,False,17
2022-05-08T12:20:32.944Z,0.7148814387619495,0.7387503385543823,,,75228.0,2,,,6304.0,96.32,-104.10925769805908,0.0,0.7387503385543823,False,17
2022-05-08T12:20:33.111Z,0.0,0.7399000525474548,,,75394.0,2,,,6264.0,94.63,-110.85836291313171,0.0,0.7399000525474548,False,17
2022-05-08T12:20:33.278Z,0.0,0.740997850894928,,,75561.0,2,,,6244.0,92.67,-116.00391340255736,0.0,0.740997850894928,False,17
2022-05-08T12:20:33.445Z,0.0,0.7420427799224854,,,75728.0,2,,,6051.0,90.88,-133.86424016952515,0.0,0.7420427799224854,False,17
2022-05-08T12:20:33.612Z,0.0,0.7430530190467834,,,75894.0,2,,,5940.0,89.0,-157.49159479141235,0.0,0.7430530190467834,False,17
2022-05-08T12:20:33.778Z,0.0,0.7439416646957397,,,76044.0,2,,,5834.0,87.22,-143.60552883148193,0.0,0.7439416646957397,False,17
2022-05-08T12:20:33.945Z,0.0,0.7450124025344849,,,76228.0,2,,,5738.0,85.3,-159.41326904296875,0.0,0.7450124025344849,False,17
2022-05-08T12:20:34.111Z,0.0,0.7459771633148193,,,76394.0,2,,,5684.0,83.69,-164.5603199005127,11.940693855285645,0.7459771633148193,False,17
2022-05-08T12:20:34.278Z,0.0,0.7469410300254822,,,76561.0,2,,,5661.0,83.1,-175.5401382446289,29.92802858352661,0.7469410300254822,False,17
2022-05-08T12:20:34.444Z,0.0,0.7477902173995972,,,76711.0,2,,,5771.0,83.26,-174.53738069534302,41.91803932189941,0.7477902173995972,False,17
2022-05-08T12:20:34.611Z,0.0,0.7488089799880981,,,76894.0,2,,,5713.0,84.16,-178.88268184661865,42.113786935806274,0.7488089799880981,False,17
2022-05-08T12:20:34.778Z,0.0,0.7497283816337585,,,77061.0,2,,,5783.0,84.75,-178.6820888519287,39.63686227798462,0.7497283816337585,False,17
2022-05-08T12:20:34.995Z,0.0,0.7508324980735779,,,77261.0,2,,,5821.0,85.15,-183.6960425376892,36.44477128982544,0.7508324980735779,False,17
2022-05-08T12:20:35.161Z,0.0,0.7517582178115845,,,77428.0,2,,,5881.0,85.63,-179.56795597076416,42.89523959159851,0.7517582178115845,False,17
2022-05-08T12:20:35.329Z,0.0,0.7527751326560974,,,77611.0,2,,,5962.0,86.55,-146.89728116989136,48.76154065132141,0.7527751326560974,False,17
2022-05-08T12:20:35.495Z,0.0,0.7537017464637756,,,77778.0,2,,,6061.0,87.89,-121.16635513305664,55.799245834350586,0.7537017464637756,False,17
2022-05-08T12:20:35.661Z,0.0,0.7546383738517761,,,77944.0,2,,,6163.0,89.49,-125.84446144104004,56.38653039932251,0.7546383738517761,False,17
2022-05-08T12:20:35.829Z,0.0,0.7555894255638123,,,78111.0,2,,,6289.0,91.12,-118.77729892730711,58.60140323638916,0.7555894255638123,False,17
2022-05-08T12:20:35.997Z,0.0,0.7564622163772583,,,78261.0,2,,,6420.0,92.76,-82.22656846046448,63.68472576141357,0.7564622163772583,False,17
2022-05-08T12:20:36.162Z,0.0,0.7574600577354431,,,78428.0,2,,,6629.0,95.27,-36.74987149238586,76.97869539260864,0.7574600577354431,False,17
2022-05-08T12:20:36.328Z,0.0,0.7585020065307617,,,78594.0,2,,,6824.0,98.96,-24.67712140083313,98.94111752510072,0.7585020065307617,False,17
2022-05-08T12:20:36.494Z,0.0,0.7595909833908081,,,78761.0,2,,,7334.0,103.16,-23.6418639421463,100.0,0.7595909833908081,False,17
2022-05-08T12:20:36.661Z,0.0,0.7608469128608704,,,78944.0,2,,,7492.0,108.05,-7.629866242408752,100.0,0.7608469128608704,False,17
2022-05-08T12:20:36.827Z,0.0,0.761917769908905,,,79094.0,2,,,7748.0,111.84,-8.180826306343079,100.0,0.761917769908905,False,17
2022-05-08T12:20:36.995Z,0.0,0.7631523609161377,,,79261.0,2,,,7964.0,115.99,-8.381193727254868,100.0,0.7631523609161377,False,17
2022-05-08T12:20:37.162Z,0.0,0.7644336223602295,,,79428.0,2,,,8139.0,119.97,-5.208963081240654,100.0,0.7644336223602295,False,17
2022-05-08T12:20:37.328Z,0.0,0.765895426273346,,,79611.0,2,,,8447.0,123.85,-7.863610804080963,100.0,0.765895426273346,False,17
2022-05-08T12:20:37.495Z,0.0,0.7672651410102844,,,79778.0,2,,,8238.0,127.09,-5.926910400390625,100.0,0.7672651410102844,False,17
2022-05-08T12:20:37.661Z,0.0,0.768520712852478,,,79928.0,3,,,6953.0,129.2,-4.84167668223381,100.0,0.768520712852478,False,17
2022-05-08T12:20:37.828Z,0.0,0.7700947523117065,,,80111.0,3,,,7117.0,132.92,-3.706373363733292,100.0,0.7700947523117065,False,17
2022-05-08T12:20:37.995Z,0.0,0.771564781665802,,,80278.0,3,,,7294.0,136.28,1.6694787703454494,100.0,0.771564781665802,False,17
2022-05-08T12:20:38.162Z,0.0,0.7732234597206116,,,80461.0,3,,,7502.0,139.83,5.80970062315464,100.0,0.7732234597206116,False,17
2022-05-08T12:20:38.328Z,0.0,0.773991584777832,,,80544.0,3,,,7580.0,141.41,4.9416153728961945,100.0,0.773991584777832,False,17
2022-05-08T12:20:38.495Z,0.0,0.7761878371238708,,,80778.0,3,,,7790.0,145.72,4.691184401512146,100.0,0.7761878371238708,False,17
2022-05-08T12:20:38.661Z,0.0,0.7777945399284363,,,80944.0,3,,,7987.0,148.61,3.889790773391724,100.0,0.7777945399284363,False,17
2022-05-08T12:20:38.828Z,0.0,0.7794299125671387,,,81111.0,3,,,8115.0,151.42,4.457474410533905,100.0,0.7794299125671387,False,17
2022-05-08T12:20:38.997Z,0.0,0.7810932993888855,,,81278.0,3,,,8243.0,154.11,3.772935345768929,100.0,0.7810932993888855,False,17
2022-05-08T12:20:39.162Z,0.0,0.7826136350631714,,,81428.0,3,,,8338.0,156.41,2.5875991582870483,100.0,0.7826136350631714,False,17
2022-05-08T12:20:39.328Z,0.0,0.7845011949539185,,,81611.0,3,,,8501.0,159.01,3.255416378378868,100.0,0.7845011949539185,False,17
2022-05-08T12:20:39.495Z,0.0,0.7860690951347351,,,81761.0,3,,,8585.0,161.07,2.504185907542705,100.0,0.7860690951347351,False,17
2022-05-08T12:20:39.662Z,0.0,0.7880133986473083,,,81944.0,3,,,8719.0,163.42,2.2036550864577293,100.0,0.7880133986473083,False,17
2022-05-08T12:20:39.828Z,0.0,0.789800763130188,,,82111.0,4,,,7153.0,164.98,3.639424189925194,100.0,0.789800763130188,False,17
2022-05-08T12:20:39.995Z,0.0,0.7916111350059509,,,82278.0,4,,,7258.0,167.36,3.606045752763748,100.0,0.7916111350059509,False,17
2022-05-08T12:20:40.161Z,0.0,0.7932628393173218,,,82428.0,4,,,7317.0,169.5,3.856414064764977,100.0,0.7932628393173218,False,17
2022-05-08T12:20:40.33Z,0.0,0.794562041759491,,,82544.0,4,,,7405.0,171.09,2.721239522099495,100.0,0.794562041759491,False,17
2022-05-08T12:20:40.495Z,0.0,0.7970072031021118,,,82761.0,4,,,7536.0,174.03,0.233645711094141,100.0,0.7970072031021118,False,17
2022-05-08T12:20:40.665Z,2.811867371201515,0.7989164590835571,,,82928.0,4,,,7513.0,175.93,0.4841418266296386,59.8391056060791,0.7989164590835571,False,17
2022-05-08T12:20:40.828Z,34.51686501502991,0.8010203242301941,,,83111.0,4,,,7472.0,173.65,0.2670236621052027,0.0,0.8010203242301941,False,17
2022-05-08T12:20:40.995Z,53.54461669921875,0.8027016520500183,,,83261.0,4,,,7005.0,168.55,-0.8682144042104483,0.0,0.8027016520500183,False,17
2022-05-08T12:20:41.162Z,59.02538299560547,0.8045005798339844,,,83428.0,4,,,6735.0,161.34,-1.552688054740429,0.0,0.8045005798339844,False,17
2022-05-08T12:20:41.329Z,56.72584772109985,0.8063855171203613,,,83611.0,4,,,6344.0,153.54,3.589324340224266,0.0,0.8063855171203613,False,17
2022-05-08T12:20:41.494Z,49.36256408691406,0.808176577091217,,,83794.0,3,,,7578.0,145.75,15.59235268831253,0.0,0.808176577091217,False,17
2022-05-08T12:20:41.663Z,31.41903281211853,0.8095775246620178,,,83944.0,3,,,7271.0,140.62,24.289466381073,0.0,0.8095775246620178,False,17
2022-05-08T12:20:41.829Z,10.449182987213137,0.8110851049423218,,,84111.0,3,,,7125.0,136.61,33.35329043865204,0.0,0.8110851049423218,False,17
2022-05-08T12:20:41.995Z,0.0,0.812414824962616,,,84261.0,3,,,7043.0,134.7,38.3273149728775,1.4488577842712402,0.812414824962616,False,17
2022-05-08T12:20:42.161Z,0.0,0.8140228390693665,,,84444.0,3,,,7075.0,133.39,56.21932923793793,20.217642188072205,0.8140228390693665,False,17
2022-05-08T12:20:42.328Z,0.0,0.8153373599052429,,,84594.0,3,,,7145.0,133.19,67.05044174194336,38.5301947593689,0.8153373599052429,False,17
2022-05-08T12:20:42.494Z,0.0,0.816792905330658,,,84761.0,3,,,7128.0,133.58,70.27126884460449,49.41198229789734,0.816792905330658,False,17
2022-05-08T12:20:42.662Z,0.0,0.8182457089424133,,,84928.0,3,,,7150.0,133.76,70.87207293510437,43.09099316596985,0.8182457089424133,False,17
2022-05-08T12:20:42.829Z,0.0,0.8198491930961609,,,85111.0,3,,,7151.0,134.27,71.43943333625793,52.01992988586426,0.8198491930961609,False,17
2022-05-08T12:20:42.995Z,0.0,0.8214681148529053,,,85294.0,3,,,7050.0,133.96,84.58890843391418,16.046801209449768,0.8214681148529053,False,17
2022-05-08T12:20:43.163Z,0.0,0.8226450085639954,,,85428.0,3,,,6858.0,133.09,89.96194100379944,12.592676281929016,0.8226450085639954,False,17
2022-05-08T12:20:43.329Z,0.0,0.8243801593780518,,,85628.0,3,,,6920.0,131.16,93.44932198524477,8.747057616710663,0.8243801593780518,False,17
2022-05-08T12:20:43.495Z,0.0,0.8256533741950989,,,85778.0,3,,,6813.0,129.75,99.005530834198,7.509368658065796,0.8256533741950989,False,17
2022-05-08T12:20:43.662Z,0.0,0.8270478248596191,,,85944.0,3,,,6868.0,128.22,97.65402412414552,20.086631178855896,0.8270478248596191,False,17
2022-05-08T12:20:43.829Z,0.0,0.8284325003623962,,,86111.0,3,,,6793.0,127.51,98.8053457736969,31.882429122924805,0.8284325003623962,False,17
2022-05-08T12:20:43.994Z,0.0,0.8296812176704407,,,86261.0,3,,,6798.0,127.45,99.52279138565063,45.372164249420166,0.8296812176704407,False,17
2022-05-08T12:20:44.162Z,0.0,0.8312200903892517,,,86444.0,3,,,6837.0,127.95,99.67291116714478,52.0199179649353,0.8312200903892517,False,17
2022-05-08T12:20:44.33Z,0.0,0.8326258659362793,,,86611.0,3,,,6869.0,128.48,92.24790048599245,56.05974197387695,0.8326258659362793,False,17
2022-05-08T12:20:44.494Z,0.0,0.8338891267776489,,,86761.0,3,,,6935.0,129.34,58.92305827140808,64.3366813659668,0.8338891267776489,False,17
2022-05-08T12:20:44.661Z,0.0,0.8354352116584778,,,86944.0,3,,,7038.0,131.04,44.90355634689331,73.85134696960449,0.8354352116584778,False,17
2022-05-08T12:20:44.828Z,0.0,0.8368520736694336,,,87111.0,3,,,7125.0,132.88,44.60308170318604,75.28477311134338,0.8368520736694336,False,17
2022-05-08T12:20:45.045Z,0.0,0.8385791778564453,,,87311.0,3,,,7422.0,135.43,30.94963848590851,88.4492814540863,0.8385791778564453,False,17
2022-05-08T12:20:45.211Z,0.0,0.840058445930481,,,87478.0,3,,,7513.0,138.35,7.762924522161484,100.0,0.840058445930481,False,17
2022-05-08T12:20:45.378Z,0.0,0.8415785431861877,,,87644.0,3,,,7688.0,141.39,8.864721924066544,100.0,0.8415785431861877,False,17
2022-05-08T12:20:45.544Z,0.0,0.8431321382522583,,,87811.0,3,,,7701.0,144.56,-0.0334425279870629,100.0,0.8431321382522583,False,17
2022-05-08T12:20:45.711Z,0.0,0.8448781967163086,,,87994.0,3,,,7883.0,147.88,12.17017376422882,100.0,0.8448781967163086,False,17
2022-05-08T12:20:45.88Z,0.0,0.8463352918624878,,,88144.0,3,,,7996.0,150.54,10.216946840286257,100.0,0.8463352918624878,False,17
2022-05-08T12:20:46.046Z,0.0,0.8481495976448059,,,88328.0,3,,,8162.0,153.55,17.929449141025543,100.0,0.8481495976448059,False,17
2022-05-08T12:20:46.212Z,0.0,0.8499985337257385,,,88511.0,3,,,8358.0,156.27,13.806145429611206,100.0,0.8499985337257385,False,17
2022-05-08T12:20:46.378Z,0.0,0.8515346646308899,,,88661.0,3,,,8391.0,158.46,14.523997247219086,100.0,0.8515346646308899,False,17
2022-05-08T12:20:46.544Z,0.0,0.8530898094177246,,,88811.0,3,,,8549.0,160.41,26.075543999671936,100.0,0.8530898094177246,False,17
2022-05-08T12:20:46.712Z,0.0,0.854840099811554,,,88978.0,3,,,8685.0,162.39,25.95875728130341,100.0,0.854840099811554,False,17
2022-05-08T12:20:46.878Z,0.0,0.8566103577613831,,,89144.0,N,,,7820.0,163.5,22.102664291858677,100.0,0.8566103577613831,False,17
2022-05-08T12:20:47.045Z,0.0,0.8583965301513672,,,89311.0,4,,,7163.0,165.53,25.574746012687683,100.0,0.8583965301513672,False,17
2022-05-08T12:20:47.211Z,0.0,0.8603951334953308,,,89494.0,4,,,7295.0,167.96,37.04210793972016,100.0,0.8603951334953308,False,17
2022-05-08T12:20:47.378Z,0.0,0.8624274134635925,,,89678.0,4,,,7374.0,170.26,27.744764029979702,100.0,0.8624274134635925,False,17
2022-05-08T12:20:47.544Z,0.0,0.8641074895858765,,,89828.0,4,,,7453.0,172.06,36.60812819004059,100.0,0.8641074895858765,False,17
2022-05-08T12:20:47.711Z,0.0,0.8659968972206116,,,89994.0,4,,,7558.0,173.98,34.388150334358215,100.0,0.8659968972206116,False,17
2022-05-08T12:20:47.877Z,0.0,0.8679149150848389,,,90161.0,4,,,7629.0,175.81,38.86149787902832,100.0,0.8679149150848389,False,17
2022-05-08T12:20:48.046Z,0.0,0.8696673512458801,,,90311.0,4,,,7703.0,177.35,41.715599060058594,100.0,0.8696673512458801,False,17
2022-05-08T12:20:48.212Z,0.0,0.8718423843383789,,,90494.0,4,,,7760.0,179.04,37.309197664260864,95.61645984649658,0.8718423843383789,False,17
2022-05-08T12:20:48.378Z,0.0,0.8740364909172058,,,90678.0,4,,,7771.0,180.18,48.37517654895783,72.02638387680054,0.8740364909172058,False,17
2022-05-08T12:20:48.544Z,0.0,0.8758249282836914,,,90828.0,4,,,7676.0,179.97,49.61023187637329,33.96785855293274,0.8758249282836914,False,17
2022-05-08T12:20:48.711Z,0.0,0.8775970935821533,,,90978.0,4,,,7634.0,178.99,50.227747440338135,25.626176595687863,0.8775970935821533,False,17
2022-05-08T12:20:48.878Z,0.0,0.8799349665641785,,,91178.0,4,,,7592.0,177.72,60.70868992805481,27.776336669921875,0.8799349665641785,False,17
2022-05-08T12:20:49.044Z,0.0,0.8816739916801453,,,91328.0,4,,,7553.0,176.71,59.13999629020691,28.55932712554932,0.8816739916801453,False,17
2022-05-08T12:20:49.211Z,0.0,0.883405864238739,,,91478.0,4,,,7507.0,175.75,61.59324336051941,28.493040800094604,0.883405864238739,False,17
2022-05-08T12:20:49.378Z,0.0,0.8853180408477783,,,91644.0,4,,,7469.0,174.72,67.71798801422119,28.49304676055908,0.8853180408477783,False,17
2022-05-08T12:20:49.545Z,0.0,0.887396514415741,,,91828.0,4,,,7415.0,173.59,70.02096319198608,28.62405776977539,0.887396514415741,False,17
2022-05-08T12:20:49.714Z,0.0,0.8892667293548584,,,91994.0,4,,,7376.0,172.55,77.69724750518799,28.62405776977539,0.8892667293548584,False,17
2022-05-08T12:20:49.879Z,0.0,0.8911219835281372,,,92161.0,4,,,7339.0,171.6,76.96304893493652,29.20977473258972,0.8911219835281372,False,17
2022-05-08T12:20:50.045Z,0.0,0.8929682970046997,,,92328.0,4,,,7396.0,171.1,69.88742351531982,52.14938521385193,0.8929682970046997,False,17
2022-05-08T12:20:50.211Z,0.0,0.8946318626403809,,,92478.0,4,,,7455.0,171.41,55.25136709213257,74.50331449508667,0.8946318626403809,False,17
2022-05-08T12:20:50.379Z,0.0,0.8968641757965088,,,92678.0,4,,,7516.0,172.66,44.95358014106751,89.16600346565247,0.8968641757965088,False,17
2022-05-08T12:20:50.545Z,0.0,0.8985465168952942,,,92828.0,4,,,7556.0,173.95,45.18730223178864,95.22651433944702,0.8985465168952942,False,17
2022-05-08T12:20:50.712Z,0.0,0.9004296064376831,,,92994.0,4,,,7676.0,175.64,42.19961643218994,100.0,0.9004296064376831,False,17
2022-05-08T12:20:50.878Z,0.0,0.9023313522338868,,,93161.0,4,,,7699.0,177.4,32.45189416408539,100.0,0.9023313522338868,False,17
2022-05-08T12:20:51.045Z,0.0,0.9044486880302428,,,93344.0,4,,,7826.0,179.31,39.07842552661896,100.0,0.9044486880302428,False,17
2022-05-08T12:20:51.211Z,0.0,0.9063997864723206,,,93511.0,4,,,7897.0,181.01,20.400004029273987,100.0,0.9063997864723206,False,17
2022-05-08T12:20:51.38Z,0.0,0.9081792831420898,,,93661.0,4,,,7942.0,182.58,11.001552939414978,100.0,0.9081792831420898,False,17
2022-05-08T12:20:51.544Z,0.0,0.910378873348236,,,93844.0,4,,,8035.0,184.58,12.069973200559616,100.0,0.910378873348236,False,17
2022-05-08T12:20:51.711Z,0.0,0.9123994708061218,,,94011.0,4,,,8054.0,186.47,14.073296517133713,100.0,0.9123994708061218,False,17
2022-05-08T12:20:51.878Z,0.0,0.9140287637710572,,,94144.0,4,,,8116.0,187.94,13.622534424066544,100.0,0.9140287637710572,False,17
2022-05-08T12:20:52.045Z,0.0,0.9160805940628052,,,94311.0,4,,,8196.0,189.7,14.1233289539814,100.0,0.9160805940628052,False,17
2022-05-08T12:20:52.211Z,0.0,0.9183570742607116,,,94494.0,4,,,8280.0,191.56,12.37050575017929,100.0,0.9183570742607116,False,17
2022-05-08T12:20:52.378Z,0.0,0.9206569790840148,,,94678.0,4,,,8335.0,193.35,13.572432845830916,100.0,0.9206569790840148,False,17
2022-05-08T12:20:52.545Z,0.0,0.9225577116012572,,,94828.0,4,,,8480.0,194.68,18.012926995754242,100.0,0.9225577116012572,False,17
2022-05-08T12:20:52.712Z,0.0,0.9244722127914428,,,94978.0,4,,,8488.0,196.07,13.038257718086244,100.0,0.9244722127914428,False,17
2022-05-08T12:20:52.878Z,0.0,0.926830232143402,,,95161.0,4,,,8514.0,197.69,-3.071934580802917,100.0,0.926830232143402,False,17
2022-05-08T12:20:53.045Z,0.0,0.9289897680282592,,,95328.0,4,,,8628.0,199.09,18.680620193481445,100.0,0.9289897680282592,False,17
2022-05-08T12:20:53.211Z,0.0,0.9311652183532716,,,95494.0,4,,,8608.0,200.56,1.519180841743946,100.0,0.9311652183532716,False,17
2022-05-08T12:20:53.377Z,0.0,0.9331353306770324,,,95644.0,5,,,7800.0,201.37,0.133511898573488,100.0,0.9331353306770324,False,17
2022-05-08T12:20:53.544Z,0.0,0.935555934906006,,,95828.0,5,,,7307.0,203.02,-0.9183135516941549,100.0,0.935555934906006,False,17
2022-05-08T12:20:53.713Z,0.0,0.9379989504814148,,,96011.0,5,,,7387.0,204.8,-3.2890519350767136,100.0,0.9379989504814148,False,17
2022-05-08T12:20:53.877Z,0.0,0.9397895336151124,,,96144.0,5,,,7398.0,206.12,-1.3189781717956066,100.0,0.9397895336151124,False,17
2022-05-08T12:20:54.045Z,0.0,0.9420437812805176,,,96311.0,5,,,7493.0,207.67,-1.7864629738032818,100.0,0.9420437812805176,False,17
2022-05-08T12:20:54.211Z,0.0,0.9443150162696838,,,96478.0,5,,,7512.0,209.26,-3.322429940104485,100.0,0.9443150162696838,False,17
2022-05-08T12:20:54.378Z,0.0,0.946832835674286,,,96661.0,5,,,7594.0,210.9,-0.968412645161152,100.0,0.946832835674286,False,17
2022-05-08T12:20:54.544Z,0.0,0.9493697881698608,,,96844.0,5,,,7640.0,212.54,-2.5544145330786705,100.0,0.9493697881698608,False,17
2022-05-08T12:20:54.711Z,0.0,0.951226770877838,,,96978.0,5,,,7702.0,213.69,-0.5676834210753441,100.0,0.951226770877838,False,17
2022-05-08T12:20:54.878Z,0.0,0.9540312886238098,,,97178.0,5,,,7731.0,215.45,0.9181843437254428,100.0,0.9540312886238098,False,17
2022-05-08T12:20:55.096Z,0.0,0.9570952653884888,,,97394.0,5,,,7832.0,217.23,1.6861356869339943,100.0,0.9570952653884888,False,17
2022-05-08T12:20:55.261Z,0.0,0.9592312574386596,,,97544.0,5,,,7857.0,218.47,3.2721371427178383,100.0,0.9592312574386596,False,17
2022-05-08T12:20:55.428Z,0.0,0.9618587493896484,,,97728.0,5,,,7873.0,219.98,2.871472738683224,100.0,0.9618587493896484,False,17
2022-05-08T12:20:55.595Z,0.0,0.9640216827392578,,,97878.0,5,,,7935.0,221.12,0.4507637675851583,100.0,0.9640216827392578,False,17
2022-05-08T12:20:55.764Z,0.0,0.9664379358291626,,,98044.0,5,,,7995.0,222.35,2.7879953160882,100.0,0.9664379358291626,False,17
2022-05-08T12:20:55.927Z,0.0,0.9686245322227478,,,98194.0,5,,,8031.0,223.45,0.1835464825853705,100.0,0.9686245322227478,False,17
2022-05-08T12:20:56.096Z,0.0,0.971311628818512,,,98378.0,5,,,8075.0,224.74,1.335505448281765,100.0,0.971311628818512,False,17
2022-05-08T12:20:56.261Z,0.0,0.9737675786018372,,,98544.0,5,,,8151.0,225.82,1.335505772382021,100.0,0.9737675786018372,False,17
2022-05-08T12:20:56.432Z,0.0,0.976235032081604,,,98711.0,5,,,8128.0,226.96,-0.5509622786194086,100.0,0.976235032081604,False,17
2022-05-08T12:20:56.596Z,0.0,0.9787143468856812,,,98878.0,5,,,8185.0,227.99,-0.7680803891271353,100.0,0.9787143468856812,False,17
2022-05-08T12:20:56.761Z,0.0,0.9809550642967224,,,99028.0,5,,,8214.0,228.91,-0.2337748380377888,100.0,0.9809550642967224,False,17
2022-05-08T12:20:56.928Z,0.0,0.9834549427032472,,,99194.0,5,,,8309.0,229.84,0.066691365558654,100.0,0.9834549427032472,False,17
2022-05-08T12:20:57.095Z,0.0,0.986216962337494,,,99378.0,5,,,8254.0,230.97,-4.090446427464485,100.0,0.986216962337494,False,17
2022-05-08T12:20:57.261Z,0.0,0.9884856343269348,,,99528.0,5,,,8355.0,231.74,-1.6362302973866465,100.0,0.9884856343269348,False,17
2022-05-08T12:20:57.428Z,0.0,0.991268754005432,,,99711.0,5,,,8341.0,232.75,4.858139246702194,100.0,0.991268754005432,False,17
2022-05-08T12:20:57.594Z,0.0,0.9938082695007324,,,99878.0,5,,,8408.0,233.58,2.671076364815235,100.0,0.9938082695007324,False,17
2022-05-08T12:20:57.762Z,0.0,0.9961020946502686,,,100028.0,5,,,8412.0,234.36,3.67280176281929,100.0,0.9961020946502686,False,17
2022-05-08T12:20:57.928Z,0.0,0.998660147190094,,,100194.0,5,,,8431.0,235.21,-0.4842063765972852,100.0,0.998660147190094,False,17
